T_Bottom,Time,X,Y,Temp(degC)
100,0,50,0.02,100
100,0,50,0.04,90.67126632
100,0,50,0.06,81.85361019
100,0,50,0.08,73.54703161
100,0,50,0.1,65.75153059
100,0,50,0.12,58.46710712
100,0,50,0.14,51.6937612
100,0,50,0.16,45.43149284
100,0,50,0.18,39.68030203
100,0,50,0.2,34.44018878
100,0,50,0.22,29.71115307
100,0,50,0.24,25.49319492
100,0,50,0.26,21.78631433
100,0,50,0.28,18.59051128
100,0,50,0.3,15.90578579
100,0,50,0.32,13.73213786
100,0,50,0.34,12.06956747
100,0,50,0.36,10.91807464
100,0,50,0.38,10.27765937
100,0,50,0.4,10.14832164
100,0,50,0.42,10.53006147
100,0,50,0.44,11.42287885
100,0,50,0.46,12.82677379
100,0,50,0.48,14.74174628
100,0,50,0.5,17.16779632
100,0,50,0.52,20.10492392
100,0,50,0.54,20.08471292
100,0,50,0.56,20.06581057
100,0,50,0.58,20.04821687
100,0,50,0.6,20.03193181
100,0,50,0.62,20.0169554
100,0,50,0.64,20.00328763
100,0,50,0.66,19.9909285
100,0,50,0.68,19.97987803
100,0,50,0.7,19.97013619
100,0,50,0.72,19.961703
100,0,50,0.74,19.95457846
100,0,50,0.76,19.94876256
100,0,50,0.78,19.94425531
100,0,50,0.8,19.9410567
100,0,50,0.82,19.93916674
100,0,50,0.84,19.93858542
100,0,50,0.86,19.93931275
100,0,50,0.88,19.94134872
100,0,50,0.9,19.94469333
100,0,50,0.92,19.9493466
100,0,50,0.94,19.9553085
100,0,50,0.96,19.96257906
100,0,50,0.98,19.97115825
100,0,50,1,19.9810461
100,0,50,1.02,19.99224258
100,0,50,1.04,19.99358419
100,0,50,1.06,19.99482958
100,0,50,1.08,19.99597874
100,0,50,1.1,19.99703167
100,0,50,1.12,19.99798838
100,0,50,1.14,19.99884886
100,0,50,1.16,19.99961311
100,0,50,1.18,20.00028114
100,0,50,1.2,20.00085295
100,0,50,1.22,20.00132852
100,0,50,1.24,20.00170787
100,0,50,1.26,20.001991
100,0,50,1.28,20.0021779
100,0,50,1.3,20.00226857
100,0,50,1.32,20.00226302
100,0,50,1.34,20.00216124
100,0,50,1.36,20.00196324
100,0,50,1.38,20.00166901
100,0,50,1.4,20.00127855
100,0,50,1.42,20.00079187
100,0,50,1.44,20.00020896
100,0,50,1.46,19.99952983
100,0,50,1.48,19.99875446
100,0,50,1.5,19.99788288
100,0,50,1.52,19.99691507
100,0,50,1.54,19.99729764
100,0,50,1.56,19.9976578
100,0,50,1.58,19.99799556
100,0,50,1.6,19.99831091
100,0,50,1.62,19.99860385
100,0,50,1.64,19.99887438
100,0,50,1.66,19.9991225
100,0,50,1.68,19.99934821
100,0,50,1.7,19.99955152
100,0,50,1.72,19.99973242
100,0,50,1.74,19.9998909
100,0,50,1.76,20.00002699
100,0,50,1.78,20.00023192
100,0,50,1.8,20.00030077
100,0,50,1.82,20.00034722
100,0,50,1.84,20.00037126
100,0,50,1.86,20.00037289
100,0,50,1.88,20.00035211
100,0,50,1.9,20.00030892
100,0,50,1.92,20.00024333
100,0,50,1.94,20.00015532
100,0,50,1.96,20.00004491
100,0,50,1.98,19.99991209
100,0,50,2,19.99975686
100,0.5,50,0.02,100
100,0.5,50,0.04,99.96020585
100,0.5,50,0.06,99.92052964
100,0.5,50,0.08,99.88097137
100,0.5,50,0.1,99.84153104
100,0.5,50,0.12,99.80220865
100,0.5,50,0.14,99.7630042
100,0.5,50,0.16,99.7239177
100,0.5,50,0.18,99.68494913
100,0.5,50,0.2,99.64609851
100,0.5,50,0.22,99.60736582
100,0.5,50,0.24,99.56875108
100,0.5,50,0.26,99.53025428
100,0.5,50,0.28,99.49187541
100,0.5,50,0.3,99.45361449
100,0.5,50,0.32,99.41547151
100,0.5,50,0.34,99.37744647
100,0.5,50,0.36,99.33953938
100,0.5,50,0.38,99.30175022
100,0.5,50,0.4,99.264079
100,0.5,50,0.42,99.22652573
100,0.5,50,0.44,99.18909039
100,0.5,50,0.46,99.151773
100,0.5,50,0.48,99.11457355
100,0.5,50,0.5,99.07749203
100,0.5,50,0.52,99.04052846
100,0.5,50,0.54,99.00339685
100,0.5,50,0.56,98.96632647
100,0.5,50,0.58,98.92931732
100,0.5,50,0.6,98.89236939
100,0.5,50,0.62,98.85548269
100,0.5,50,0.64,98.81865722
100,0.5,50,0.66,98.78189298
100,0.5,50,0.68,98.74518996
100,0.5,50,0.7,98.70854817
100,0.5,50,0.72,98.67196761
100,0.5,50,0.74,98.63544827
100,0.5,50,0.76,98.59899017
100,0.5,50,0.78,98.56259329
100,0.5,50,0.8,98.52625763
100,0.5,50,0.82,98.48998321
100,0.5,50,0.84,98.45377001
100,0.5,50,0.86,98.41761804
100,0.5,50,0.88,98.3815273
100,0.5,50,0.9,98.34549778
100,0.5,50,0.92,98.30952949
100,0.5,50,0.94,98.27362243
100,0.5,50,0.96,98.2377766
100,0.5,50,0.98,98.20199199
100,0.5,50,1,98.16626861
100,0.5,50,1.02,98.13060646
100,0.5,50,1.04,98.09499602
100,0.5,50,1.06,98.05945796
100,0.5,50,1.08,98.02399227
100,0.5,50,1.1,97.98859896
100,0.5,50,1.12,97.95327802
100,0.5,50,1.14,97.91802946
100,0.5,50,1.16,97.88285328
100,0.5,50,1.18,97.84774947
100,0.5,50,1.2,97.81271804
100,0.5,50,1.22,97.77775898
100,0.5,50,1.24,97.7428723
100,0.5,50,1.26,97.708058
100,0.5,50,1.28,97.67331607
100,0.5,50,1.3,97.63864652
100,0.5,50,1.32,97.60404934
100,0.5,50,1.34,97.56952454
100,0.5,50,1.36,97.53507212
100,0.5,50,1.38,97.50069207
100,0.5,50,1.4,97.4663844
100,0.5,50,1.42,97.4321491
100,0.5,50,1.44,97.39798618
100,0.5,50,1.46,97.36389563
100,0.5,50,1.48,97.32987746
100,0.5,50,1.5,97.29593167
100,0.5,50,1.52,97.26205825
100,0.5,50,1.54,97.22826053
100,0.5,50,1.56,97.19455154
100,0.5,50,1.58,97.16093129
100,0.5,50,1.6,97.12739978
100,0.5,50,1.62,97.093957
100,0.5,50,1.64,97.06060296
100,0.5,50,1.66,97.02733765
100,0.5,50,1.68,96.99416108
100,0.5,50,1.7,96.96107325
100,0.5,50,1.72,96.92807416
100,0.5,50,1.74,96.8951638
100,0.5,50,1.76,96.86234218
100,0.5,50,1.78,96.79696514
100,0.5,50,1.8,96.76440973
100,0.5,50,1.82,96.73194305
100,0.5,50,1.84,96.69956511
100,0.5,50,1.86,96.66727591
100,0.5,50,1.88,96.63507544
100,0.5,50,1.9,96.60296371
100,0.5,50,1.92,96.57094072
100,0.5,50,1.94,96.53900646
100,0.5,50,1.96,96.50716094
100,0.5,50,1.98,96.47540416
100,0.5,50,2,96.44373611
100,1,50,0.02,100
100,1,50,0.04,99.9934795
100,1,50,0.06,99.98706541
100,1,50,0.08,99.98075773
100,1,50,0.1,99.97455645
100,1,50,0.12,99.96846159
100,1,50,0.14,99.96247313
100,1,50,0.16,99.95659108
100,1,50,0.18,99.95081544
100,1,50,0.2,99.9451462
100,1,50,0.22,99.93958337
100,1,50,0.24,99.93412695
100,1,50,0.26,99.92877694
100,1,50,0.28,99.92353334
100,1,50,0.3,99.91839614
100,1,50,0.32,99.91336535
100,1,50,0.34,99.90844097
100,1,50,0.36,99.903623
100,1,50,0.38,99.89891144
100,1,50,0.4,99.89430628
100,1,50,0.42,99.88980753
100,1,50,0.44,99.88541519
100,1,50,0.46,99.88112926
100,1,50,0.48,99.87694973
100,1,50,0.5,99.87287661
100,1,50,0.52,99.8689099
100,1,50,0.54,99.86475502
100,1,50,0.56,99.86062742
100,1,50,0.58,99.85652711
100,1,50,0.6,99.85245407
100,1,50,0.62,99.84840832
100,1,50,0.64,99.84438984
100,1,50,0.66,99.84039865
100,1,50,0.68,99.83643474
100,1,50,0.7,99.83249811
100,1,50,0.72,99.82858877
100,1,50,0.74,99.8247067
100,1,50,0.76,99.82085192
100,1,50,0.78,99.81702442
100,1,50,0.8,99.8132242
100,1,50,0.82,99.80945126
100,1,50,0.84,99.8057056
100,1,50,0.86,99.80198723
100,1,50,0.88,99.79829613
100,1,50,0.9,99.79463232
100,1,50,0.92,99.79099579
100,1,50,0.94,99.78738654
100,1,50,0.96,99.78380457
100,1,50,0.98,99.78024988
100,1,50,1,99.77672248
100,1,50,1.02,99.77322236
100,1,50,1.04,99.76972875
100,1,50,1.06,99.76625159
100,1,50,1.08,99.76279089
100,1,50,1.1,99.75934665
100,1,50,1.12,99.75591886
100,1,50,1.14,99.75250753
100,1,50,1.16,99.74911265
100,1,50,1.18,99.74573422
100,1,50,1.2,99.74237225
100,1,50,1.22,99.73902674
100,1,50,1.24,99.73569768
100,1,50,1.26,99.73238507
100,1,50,1.28,99.72908892
100,1,50,1.3,99.72580923
100,1,50,1.32,99.72254599
100,1,50,1.34,99.7192992
100,1,50,1.36,99.71606887
100,1,50,1.38,99.712855
100,1,50,1.4,99.70965757
100,1,50,1.42,99.70647661
100,1,50,1.44,99.7033121
100,1,50,1.46,99.70016404
100,1,50,1.48,99.69703244
100,1,50,1.5,99.6939173
100,1,50,1.52,99.6908186
100,1,50,1.54,99.68772866
100,1,50,1.56,99.68465046
100,1,50,1.58,99.68158402
100,1,50,1.6,99.67852932
100,1,50,1.62,99.67548638
100,1,50,1.64,99.67245519
100,1,50,1.66,99.66943575
100,1,50,1.68,99.66642806
100,1,50,1.7,99.66343212
100,1,50,1.72,99.66044793
100,1,50,1.74,99.65747549
100,1,50,1.76,99.6545148
100,1,50,1.78,99.64862868
100,1,50,1.8,99.64570325
100,1,50,1.82,99.64278957
100,1,50,1.84,99.63988763
100,1,50,1.86,99.63699745
100,1,50,1.88,99.63411902
100,1,50,1.9,99.63125234
100,1,50,1.92,99.62839741
100,1,50,1.94,99.62555423
100,1,50,1.96,99.62272281
100,1,50,1.98,99.61990313
100,1,50,2,99.61709521
100,1.5,50,0.02,100
100,1.5,50,0.04,99.99362557
100,1.5,50,0.06,99.98735749
100,1.5,50,0.08,99.98119578
100,1.5,50,0.1,99.97514043
100,1.5,50,0.12,99.96919144
100,1.5,50,0.14,99.96334881
100,1.5,50,0.16,99.95761255
100,1.5,50,0.18,99.95198264
100,1.5,50,0.2,99.9464591
100,1.5,50,0.22,99.94104191
100,1.5,50,0.24,99.93573109
100,1.5,50,0.26,99.93052663
100,1.5,50,0.28,99.92542853
100,1.5,50,0.3,99.92043679
100,1.5,50,0.32,99.91555141
100,1.5,50,0.34,99.91077239
100,1.5,50,0.36,99.90609974
100,1.5,50,0.38,99.90153345
100,1.5,50,0.4,99.89707351
100,1.5,50,0.42,99.89271994
100,1.5,50,0.44,99.88847273
100,1.5,50,0.46,99.88433188
100,1.5,50,0.48,99.88029739
100,1.5,50,0.5,99.87636926
100,1.5,50,0.52,99.8725475
100,1.5,50,0.54,99.86853748
100,1.5,50,0.56,99.86455461
100,1.5,50,0.58,99.86059888
100,1.5,50,0.6,99.85667029
100,1.5,50,0.62,99.85276885
100,1.5,50,0.64,99.84889455
100,1.5,50,0.66,99.8450474
100,1.5,50,0.68,99.84122739
100,1.5,50,0.7,99.83743452
100,1.5,50,0.72,99.83366879
100,1.5,50,0.74,99.82993021
100,1.5,50,0.76,99.82621877
100,1.5,50,0.78,99.82253448
100,1.5,50,0.8,99.81887733
100,1.5,50,0.82,99.81524732
100,1.5,50,0.84,99.81164446
100,1.5,50,0.86,99.80806874
100,1.5,50,0.88,99.80452016
100,1.5,50,0.9,99.80099873
100,1.5,50,0.92,99.79750444
100,1.5,50,0.94,99.79403729
100,1.5,50,0.96,99.79059729
100,1.5,50,0.98,99.78718443
100,1.5,50,1,99.78379872
100,1.5,50,1.02,99.78044015
100,1.5,50,1.04,99.77708791
100,1.5,50,1.06,99.7737519
100,1.5,50,1.08,99.77043211
100,1.5,50,1.1,99.76712855
100,1.5,50,1.12,99.76384121
100,1.5,50,1.14,99.7605701
100,1.5,50,1.16,99.75731522
100,1.5,50,1.18,99.75407656
100,1.5,50,1.2,99.75085413
100,1.5,50,1.22,99.74764792
100,1.5,50,1.24,99.74445794
100,1.5,50,1.26,99.74128419
100,1.5,50,1.28,99.73812666
100,1.5,50,1.3,99.73498535
100,1.5,50,1.32,99.73186027
100,1.5,50,1.34,99.72875142
100,1.5,50,1.36,99.72565879
100,1.5,50,1.38,99.72258239
100,1.5,50,1.4,99.71952222
100,1.5,50,1.42,99.71647827
100,1.5,50,1.44,99.71345054
100,1.5,50,1.46,99.71043904
100,1.5,50,1.48,99.70744377
100,1.5,50,1.5,99.70446472
100,1.5,50,1.52,99.7015019
100,1.5,50,1.54,99.69854755
100,1.5,50,1.56,99.69560463
100,1.5,50,1.58,99.69267315
100,1.5,50,1.6,99.6897531
100,1.5,50,1.62,99.68684447
100,1.5,50,1.64,99.68394728
100,1.5,50,1.66,99.68106153
100,1.5,50,1.68,99.6781872
100,1.5,50,1.7,99.6753243
100,1.5,50,1.72,99.67247284
100,1.5,50,1.74,99.66963281
100,1.5,50,1.76,99.66680421
100,1.5,50,1.78,99.6611813
100,1.5,50,1.8,99.658387
100,1.5,50,1.82,99.65560412
100,1.5,50,1.84,99.65283268
100,1.5,50,1.86,99.65007267
100,1.5,50,1.88,99.64732409
100,1.5,50,1.9,99.64458694
100,1.5,50,1.92,99.64186123
100,1.5,50,1.94,99.63914694
100,1.5,50,1.96,99.63644409
100,1.5,50,1.98,99.63375267
100,1.5,50,2,99.63107268
100,2,50,0.02,100
100,2,50,0.04,99.99340971
100,2,50,0.06,99.98692585
100,2,50,0.08,99.98054843
100,2,50,0.1,99.97427745
100,2,50,0.12,99.9681129
100,2,50,0.14,99.96205479
100,2,50,0.16,99.95610312
100,2,50,0.18,99.95025788
100,2,50,0.2,99.94451908
100,2,50,0.22,99.93888672
100,2,50,0.24,99.93336079
100,2,50,0.26,99.9279413
100,2,50,0.28,99.92262825
100,2,50,0.3,99.91742163
100,2,50,0.32,99.91232146
100,2,50,0.34,99.90732771
100,2,50,0.36,99.90244041
100,2,50,0.38,99.89765954
100,2,50,0.4,99.89298511
100,2,50,0.42,99.88841711
100,2,50,0.44,99.88395555
100,2,50,0.46,99.87960043
100,2,50,0.48,99.87535175
100,2,50,0.5,99.8712095
100,2,50,0.52,99.86717369
100,2,50,0.54,99.86294976
100,2,50,0.56,99.85875319
100,2,50,0.58,99.85458399
100,2,50,0.6,99.85044216
100,2,50,0.62,99.84632769
100,2,50,0.64,99.84224059
100,2,50,0.66,99.83818086
100,2,50,0.68,99.83414849
100,2,50,0.7,99.83014349
100,2,50,0.72,99.82616585
100,2,50,0.74,99.82221558
100,2,50,0.76,99.81829267
100,2,50,0.78,99.81439713
100,2,50,0.8,99.81052896
100,2,50,0.82,99.80668815
100,2,50,0.84,99.80287471
100,2,50,0.86,99.79908864
100,2,50,0.88,99.79532992
100,2,50,0.9,99.79159858
100,2,50,0.92,99.7878946
100,2,50,0.94,99.78421799
100,2,50,0.96,99.78056874
100,2,50,0.98,99.77694686
100,2,50,1,99.77335235
100,2,50,1.02,99.7697852
100,2,50,1.04,99.76622468
100,2,50,1.06,99.76268075
100,2,50,1.08,99.75915342
100,2,50,1.1,99.75564267
100,2,50,1.12,99.75214852
100,2,50,1.14,99.74867096
100,2,50,1.16,99.74520999
100,2,50,1.18,99.74176561
100,2,50,1.2,99.73833782
100,2,50,1.22,99.73492663
100,2,50,1.24,99.73153203
100,2,50,1.26,99.72815401
100,2,50,1.28,99.72479259
100,2,50,1.3,99.72144777
100,2,50,1.32,99.71811953
100,2,50,1.34,99.71480788
100,2,50,1.36,99.71151283
100,2,50,1.38,99.70823437
100,2,50,1.4,99.7049725
100,2,50,1.42,99.70172722
100,2,50,1.44,99.69849853
100,2,50,1.46,99.69528643
100,2,50,1.48,99.69209093
100,2,50,1.5,99.68891202
100,2,50,1.52,99.6857497
100,2,50,1.54,99.68259629
100,2,50,1.56,99.67945481
100,2,50,1.58,99.67632527
100,2,50,1.6,99.67320767
100,2,50,1.62,99.670102
100,2,50,1.64,99.66700826
100,2,50,1.66,99.66392646
100,2,50,1.68,99.66085659
100,2,50,1.7,99.65779866
100,2,50,1.72,99.65475266
100,2,50,1.74,99.6517186
100,2,50,1.76,99.64869647
100,2,50,1.78,99.64268802
100,2,50,1.8,99.63970169
100,2,50,1.82,99.6367273
100,2,50,1.84,99.63376485
100,2,50,1.86,99.63081433
100,2,50,1.88,99.62787574
100,2,50,1.9,99.62494909
100,2,50,1.92,99.62203438
100,2,50,1.94,99.61913159
100,2,50,1.96,99.61624075
100,2,50,1.98,99.61336184
100,2,50,2,99.61049486
100,2.5,50,0.02,100
100,2.5,50,0.04,99.99336561
100,2.5,50,0.06,99.98683767
100,2.5,50,0.08,99.98041619
100,2.5,50,0.1,99.97410116
100,2.5,50,0.12,99.96789257
100,2.5,50,0.14,99.96179045
100,2.5,50,0.16,99.95579477
100,2.5,50,0.18,99.94990554
100,2.5,50,0.2,99.94412277
100,2.5,50,0.22,99.93844645
100,2.5,50,0.24,99.93287658
100,2.5,50,0.26,99.92741317
100,2.5,50,0.28,99.9220562
100,2.5,50,0.3,99.91680569
100,2.5,50,0.32,99.91166163
100,2.5,50,0.34,99.90662402
100,2.5,50,0.36,99.90169287
100,2.5,50,0.38,99.89686816
100,2.5,50,0.4,99.89214991
100,2.5,50,0.42,99.88753811
100,2.5,50,0.44,99.88303277
100,2.5,50,0.46,99.87863387
100,2.5,50,0.48,99.87434143
100,2.5,50,0.5,99.87015544
100,2.5,50,0.52,99.8660759
100,2.5,50,0.54,99.86180827
100,2.5,50,0.56,99.85756805
100,2.5,50,0.58,99.85335524
100,2.5,50,0.6,99.84916984
100,2.5,50,0.62,99.84501186
100,2.5,50,0.64,99.84088128
100,2.5,50,0.66,99.83677812
100,2.5,50,0.68,99.83270236
100,2.5,50,0.7,99.82865402
100,2.5,50,0.72,99.82463309
100,2.5,50,0.74,99.82063957
100,2.5,50,0.76,99.81667346
100,2.5,50,0.78,99.81273476
100,2.5,50,0.8,99.80882348
100,2.5,50,0.82,99.8049396
100,2.5,50,0.84,99.80108313
100,2.5,50,0.86,99.79725408
100,2.5,50,0.88,99.79345244
100,2.5,50,0.9,99.78967821
100,2.5,50,0.92,99.78593138
100,2.5,50,0.94,99.78221197
100,2.5,50,0.96,99.77851998
100,2.5,50,0.98,99.77485539
100,2.5,50,1,99.77121821
100,2.5,50,1.02,99.76760845
100,2.5,50,1.04,99.76400537
100,2.5,50,1.06,99.76041896
100,2.5,50,1.08,99.75684922
100,2.5,50,1.1,99.75329614
100,2.5,50,1.12,99.74975973
100,2.5,50,1.14,99.74623998
100,2.5,50,1.16,99.7427369
100,2.5,50,1.18,99.73925049
100,2.5,50,1.2,99.73578074
100,2.5,50,1.22,99.73232766
100,2.5,50,1.24,99.72889124
100,2.5,50,1.26,99.72547149
100,2.5,50,1.28,99.72206841
100,2.5,50,1.3,99.71868199
100,2.5,50,1.32,99.71531224
100,2.5,50,1.34,99.71195915
100,2.5,50,1.36,99.70862273
100,2.5,50,1.38,99.70530298
100,2.5,50,1.4,99.70199989
100,2.5,50,1.42,99.69871346
100,2.5,50,1.44,99.69544371
100,2.5,50,1.46,99.69219062
100,2.5,50,1.48,99.68895419
100,2.5,50,1.5,99.68573443
100,2.5,50,1.52,99.68253134
100,2.5,50,1.54,99.67933725
100,2.5,50,1.56,99.67615519
100,2.5,50,1.58,99.67298518
100,2.5,50,1.6,99.66982719
100,2.5,50,1.62,99.66668125
100,2.5,50,1.64,99.66354734
100,2.5,50,1.66,99.66042547
100,2.5,50,1.68,99.65731564
100,2.5,50,1.7,99.65421784
100,2.5,50,1.72,99.65113209
100,2.5,50,1.74,99.64805836
100,2.5,50,1.76,99.64499668
100,2.5,50,1.78,99.63890942
100,2.5,50,1.8,99.63588384
100,2.5,50,1.82,99.63287031
100,2.5,50,1.84,99.62986881
100,2.5,50,1.86,99.62687934
100,2.5,50,1.88,99.62390192
100,2.5,50,1.9,99.62093653
100,2.5,50,1.92,99.61798317
100,2.5,50,1.94,99.61504186
100,2.5,50,1.96,99.61211258
100,2.5,50,1.98,99.60919534
100,2.5,50,2,99.60629013
100,3,50,0.02,100
100,3,50,0.04,99.99333011
100,3,50,0.06,99.98676668
100,3,50,0.08,99.98030972
100,3,50,0.1,99.97395922
100,3,50,0.12,99.96771519
100,3,50,0.14,99.96157762
100,3,50,0.16,99.95554652
100,3,50,0.18,99.94962188
100,3,50,0.2,99.94380371
100,3,50,0.22,99.93809199
100,3,50,0.24,99.93248675
100,3,50,0.26,99.92698797
100,3,50,0.28,99.92159565
100,3,50,0.3,99.9163098
100,3,50,0.32,99.91113041
100,3,50,0.34,99.90605749
100,3,50,0.36,99.90109103
100,3,50,0.38,99.89623103
100,3,50,0.4,99.8914775
100,3,50,0.42,99.88683043
100,3,50,0.44,99.88228983
100,3,50,0.46,99.8778557
100,3,50,0.48,99.87352802
100,3,50,0.5,99.86930681
100,3,50,0.52,99.86519207
100,3,50,0.54,99.86088926
100,3,50,0.56,99.85661389
100,3,50,0.58,99.85236597
100,3,50,0.6,99.8481455
100,3,50,0.62,99.84395248
100,3,50,0.64,99.8397869
100,3,50,0.66,99.83564877
100,3,50,0.68,99.83153809
100,3,50,0.7,99.82745485
100,3,50,0.72,99.82339907
100,3,50,0.74,99.81937073
100,3,50,0.76,99.81536983
100,3,50,0.78,99.81139639
100,3,50,0.8,99.80745039
100,3,50,0.82,99.80353184
100,3,50,0.84,99.79964074
100,3,50,0.86,99.79577708
100,3,50,0.88,99.79194087
100,3,50,0.9,99.78813211
100,3,50,0.92,99.7843508
100,3,50,0.94,99.78059693
100,3,50,0.96,99.77687051
100,3,50,0.98,99.77317154
100,3,50,1,99.76950002
100,3,50,1.02,99.76585594
100,3,50,1.04,99.7622186
100,3,50,1.06,99.75859799
100,3,50,1.08,99.75499411
100,3,50,1.1,99.75140694
100,3,50,1.12,99.74783651
100,3,50,1.14,99.7442828
100,3,50,1.16,99.74074582
100,3,50,1.18,99.73722556
100,3,50,1.2,99.73372203
100,3,50,1.22,99.73023522
100,3,50,1.24,99.72676514
100,3,50,1.26,99.72331179
100,3,50,1.28,99.71987516
100,3,50,1.3,99.71645526
100,3,50,1.32,99.71305208
100,3,50,1.34,99.70966563
100,3,50,1.36,99.7062959
100,3,50,1.38,99.70294291
100,3,50,1.4,99.69960663
100,3,50,1.42,99.69628708
100,3,50,1.44,99.69298426
100,3,50,1.46,99.68969817
100,3,50,1.48,99.6864288
100,3,50,1.5,99.68317615
100,3,50,1.52,99.67994023
100,3,50,1.54,99.67671339
100,3,50,1.56,99.67349866
100,3,50,1.58,99.67029605
100,3,50,1.6,99.66710556
100,3,50,1.62,99.66392719
100,3,50,1.64,99.66076094
100,3,50,1.66,99.65760681
100,3,50,1.68,99.6544648
100,3,50,1.7,99.65133491
100,3,50,1.72,99.64821714
100,3,50,1.74,99.64511149
100,3,50,1.76,99.64201795
100,3,50,1.78,99.63586724
100,3,50,1.8,99.63281007
100,3,50,1.82,99.62976501
100,3,50,1.84,99.62673208
100,3,50,1.86,99.62371126
100,3,50,1.88,99.62070256
100,3,50,1.9,99.61770598
100,3,50,1.92,99.61472152
100,3,50,1.94,99.61174918
100,3,50,1.96,99.60878896
100,3,50,1.98,99.60584086
100,3,50,2,99.60290488
100,3.5,50,0.02,100
100,3.5,50,0.04,99.99333217
100,3.5,50,0.06,99.98677081
100,3.5,50,0.08,99.98031591
100,3.5,50,0.1,99.97396747
100,3.5,50,0.12,99.96772549
100,3.5,50,0.14,99.96158998
100,3.5,50,0.16,99.95556094
100,3.5,50,0.18,99.94963836
100,3.5,50,0.2,99.94382224
100,3.5,50,0.22,99.93811258
100,3.5,50,0.24,99.93250939
100,3.5,50,0.26,99.92701266
100,3.5,50,0.28,99.9216224
100,3.5,50,0.3,99.9163386
100,3.5,50,0.32,99.91116126
100,3.5,50,0.34,99.90609039
100,3.5,50,0.36,99.90112598
100,3.5,50,0.38,99.89626803
100,3.5,50,0.4,99.89151655
100,3.5,50,0.42,99.88687153
100,3.5,50,0.44,99.88233298
100,3.5,50,0.46,99.87790089
100,3.5,50,0.48,99.87357526
100,3.5,50,0.5,99.8693561
100,3.5,50,0.52,99.8652434
100,3.5,50,0.54,99.86094263
100,3.5,50,0.56,99.8566693
100,3.5,50,0.58,99.85242342
100,3.5,50,0.6,99.84820499
100,3.5,50,0.62,99.844014
100,3.5,50,0.64,99.83985045
100,3.5,50,0.66,99.83571435
100,3.5,50,0.68,99.8316057
100,3.5,50,0.7,99.82752449
100,3.5,50,0.72,99.82347072
100,3.5,50,0.74,99.81944441
100,3.5,50,0.76,99.81544553
100,3.5,50,0.78,99.8114741
100,3.5,50,0.8,99.80753012
100,3.5,50,0.82,99.80361358
100,3.5,50,0.84,99.79972449
100,3.5,50,0.86,99.79586284
100,3.5,50,0.88,99.79202864
100,3.5,50,0.9,99.78822188
100,3.5,50,0.92,99.78444257
100,3.5,50,0.94,99.78069071
100,3.5,50,0.96,99.77696628
100,3.5,50,0.98,99.77326931
100,3.5,50,1,99.76959978
100,3.5,50,1.02,99.76595769
100,3.5,50,1.04,99.76232234
100,3.5,50,1.06,99.75870371
100,3.5,50,1.08,99.75510181
100,3.5,50,1.1,99.75151662
100,3.5,50,1.12,99.74794816
100,3.5,50,1.14,99.74439642
100,3.5,50,1.16,99.74086141
100,3.5,50,1.18,99.73734311
100,3.5,50,1.2,99.73384154
100,3.5,50,1.22,99.73035669
100,3.5,50,1.24,99.72688856
100,3.5,50,1.26,99.72343716
100,3.5,50,1.28,99.72000247
100,3.5,50,1.3,99.71658451
100,3.5,50,1.32,99.71318327
100,3.5,50,1.34,99.70979876
100,3.5,50,1.36,99.70643096
100,3.5,50,1.38,99.70307989
100,3.5,50,1.4,99.69974554
100,3.5,50,1.42,99.69642791
100,3.5,50,1.44,99.69312701
100,3.5,50,1.46,99.68984283
100,3.5,50,1.48,99.68657536
100,3.5,50,1.5,99.68332463
100,3.5,50,1.52,99.68009061
100,3.5,50,1.54,99.67686566
100,3.5,50,1.56,99.67365283
100,3.5,50,1.58,99.67045211
100,3.5,50,1.6,99.6672635
100,3.5,50,1.62,99.66408701
100,3.5,50,1.64,99.66092264
100,3.5,50,1.66,99.65777038
100,3.5,50,1.68,99.65463023
100,3.5,50,1.7,99.6515022
100,3.5,50,1.72,99.64838628
100,3.5,50,1.74,99.64528247
100,3.5,50,1.76,99.64219079
100,3.5,50,1.78,99.63604375
100,3.5,50,1.8,99.6329884
100,3.5,50,1.82,99.62994517
100,3.5,50,1.84,99.62691406
100,3.5,50,1.86,99.62389505
100,3.5,50,1.88,99.62088817
100,3.5,50,1.9,99.61789339
100,3.5,50,1.92,99.61491073
100,3.5,50,1.94,99.61194019
100,3.5,50,1.96,99.60898176
100,3.5,50,1.98,99.60603544
100,3.5,50,2,99.60310124
100,4,50,0.02,100
100,4,50,0.04,99.99333423
100,4,50,0.06,99.98677493
100,4,50,0.08,99.98032209
100,4,50,0.1,99.97397571
100,4,50,0.12,99.9677358
100,4,50,0.14,99.96160234
100,4,50,0.16,99.95557536
100,4,50,0.18,99.94965483
100,4,50,0.2,99.94384077
100,4,50,0.22,99.93813317
100,4,50,0.24,99.93253203
100,4,50,0.26,99.92703736
100,4,50,0.28,99.92164915
100,4,50,0.3,99.9163674
100,4,50,0.32,99.91119211
100,4,50,0.34,99.90612329
100,4,50,0.36,99.90116093
100,4,50,0.38,99.89630504
100,4,50,0.4,99.8915556
100,4,50,0.42,99.88691263
100,4,50,0.44,99.88237612
100,4,50,0.46,99.87794608
100,4,50,0.48,99.8736225
100,4,50,0.5,99.86940538
100,4,50,0.52,99.86529473
100,4,50,0.54,99.860996
100,4,50,0.56,99.85672471
100,4,50,0.58,99.85248087
100,4,50,0.6,99.84826447
100,4,50,0.62,99.84407552
100,4,50,0.64,99.839914
100,4,50,0.66,99.83577993
100,4,50,0.68,99.83167331
100,4,50,0.7,99.82759412
100,4,50,0.72,99.82354238
100,4,50,0.74,99.81951809
100,4,50,0.76,99.81552123
100,4,50,0.78,99.81155182
100,4,50,0.8,99.80760985
100,4,50,0.82,99.80369533
100,4,50,0.84,99.79980824
100,4,50,0.86,99.7959486
100,4,50,0.88,99.79211641
100,4,50,0.9,99.78831166
100,4,50,0.92,99.78453435
100,4,50,0.94,99.78078448
100,4,50,0.96,99.77706205
100,4,50,0.98,99.77336707
100,4,50,1,99.76969954
100,4,50,1.02,99.76605944
100,4,50,1.04,99.76242608
100,4,50,1.06,99.75880943
100,4,50,1.08,99.75520951
100,4,50,1.1,99.7516263
100,4,50,1.12,99.74805982
100,4,50,1.14,99.74451005
100,4,50,1.16,99.740977
100,4,50,1.18,99.73746067
100,4,50,1.2,99.73396105
100,4,50,1.22,99.73047816
100,4,50,1.24,99.72701198
100,4,50,1.26,99.72356253
100,4,50,1.28,99.72012979
100,4,50,1.3,99.71671377
100,4,50,1.32,99.71331447
100,4,50,1.34,99.70993189
100,4,50,1.36,99.70656602
100,4,50,1.38,99.70321688
100,4,50,1.4,99.69988445
100,4,50,1.42,99.69656874
100,4,50,1.44,99.69326976
100,4,50,1.46,99.68998748
100,4,50,1.48,99.68672193
100,4,50,1.5,99.6834731
100,4,50,1.52,99.68024099
100,4,50,1.54,99.67701794
100,4,50,1.56,99.673807
100,4,50,1.58,99.67060816
100,4,50,1.6,99.66742144
100,4,50,1.62,99.66424683
100,4,50,1.64,99.66108433
100,4,50,1.66,99.65793394
100,4,50,1.68,99.65479565
100,4,50,1.7,99.65166948
100,4,50,1.72,99.64855542
100,4,50,1.74,99.64545346
100,4,50,1.76,99.64236362
100,4,50,1.78,99.63622026
100,4,50,1.8,99.63316674
100,4,50,1.82,99.63012533
100,4,50,1.84,99.62709604
100,4,50,1.86,99.62407885
100,4,50,1.88,99.62107377
100,4,50,1.9,99.6180808
100,4,50,1.92,99.61509994
100,4,50,1.94,99.61213119
100,4,50,1.96,99.60917455
100,4,50,1.98,99.60623002
100,4,50,2,99.6032976
100,4.5,50,0.02,100
100,4.5,50,0.04,99.99333685
100,4.5,50,0.06,99.98678016
100,4.5,50,0.08,99.98032993
100,4.5,50,0.1,99.97398616
100,4.5,50,0.12,99.96774886
100,4.5,50,0.14,99.96161802
100,4.5,50,0.16,99.95559364
100,4.5,50,0.18,99.94967572
100,4.5,50,0.2,99.94386426
100,4.5,50,0.22,99.93815927
100,4.5,50,0.24,99.93256074
100,4.5,50,0.26,99.92706867
100,4.5,50,0.28,99.92168306
100,4.5,50,0.3,99.91640392
100,4.5,50,0.32,99.91123123
100,4.5,50,0.34,99.90616501
100,4.5,50,0.36,99.90120525
100,4.5,50,0.38,99.89635195
100,4.5,50,0.4,99.89160512
100,4.5,50,0.42,99.88696474
100,4.5,50,0.44,99.88243083
100,4.5,50,0.46,99.87800338
100,4.5,50,0.48,99.8736824
100,4.5,50,0.5,99.86946787
100,4.5,50,0.52,99.86535981
100,4.5,50,0.54,99.86106367
100,4.5,50,0.56,99.85679497
100,4.5,50,0.58,99.85255372
100,4.5,50,0.6,99.8483399
100,4.5,50,0.62,99.84415352
100,4.5,50,0.64,99.83999459
100,4.5,50,0.66,99.83586309
100,4.5,50,0.68,99.83175904
100,4.5,50,0.7,99.82768242
100,4.5,50,0.72,99.82363325
100,4.5,50,0.74,99.81961151
100,4.5,50,0.76,99.81561722
100,4.5,50,0.78,99.81165037
100,4.5,50,0.8,99.80771095
100,4.5,50,0.82,99.80379898
100,4.5,50,0.84,99.79991445
100,4.5,50,0.86,99.79605735
100,4.5,50,0.88,99.7922277
100,4.5,50,0.9,99.78842549
100,4.5,50,0.92,99.78465072
100,4.5,50,0.94,99.78090339
100,4.5,50,0.96,99.7771835
100,4.5,50,0.98,99.77349105
100,4.5,50,1,99.76982604
100,4.5,50,1.02,99.76618847
100,4.5,50,1.04,99.76255763
100,4.5,50,1.06,99.7589435
100,4.5,50,1.08,99.75534609
100,4.5,50,1.1,99.75176539
100,4.5,50,1.12,99.7482014
100,4.5,50,1.14,99.74465413
100,4.5,50,1.16,99.74112358
100,4.5,50,1.18,99.73760974
100,4.5,50,1.2,99.73411261
100,4.5,50,1.22,99.7306322
100,4.5,50,1.24,99.7271685
100,4.5,50,1.26,99.72372151
100,4.5,50,1.28,99.72029124
100,4.5,50,1.3,99.71687769
100,4.5,50,1.32,99.71348084
100,4.5,50,1.34,99.71010072
100,4.5,50,1.36,99.7067373
100,4.5,50,1.38,99.7033906
100,4.5,50,1.4,99.70006062
100,4.5,50,1.42,99.69674735
100,4.5,50,1.44,99.69345079
100,4.5,50,1.46,99.69017095
100,4.5,50,1.48,99.68690782
100,4.5,50,1.5,99.6836614
100,4.5,50,1.52,99.6804317
100,4.5,50,1.54,99.67721106
100,4.5,50,1.56,99.67400252
100,4.5,50,1.58,99.67080609
100,4.5,50,1.6,99.66762176
100,4.5,50,1.62,99.66444953
100,4.5,50,1.64,99.6612894
100,4.5,50,1.66,99.65814138
100,4.5,50,1.68,99.65500546
100,4.5,50,1.7,99.65188165
100,4.5,50,1.72,99.64876994
100,4.5,50,1.74,99.64567033
100,4.5,50,1.76,99.64258283
100,4.5,50,1.78,99.63644413
100,4.5,50,1.8,99.63339293
100,4.5,50,1.82,99.63035384
100,4.5,50,1.84,99.62732686
100,4.5,50,1.86,99.62431197
100,4.5,50,1.88,99.62130919
100,4.5,50,1.9,99.61831852
100,4.5,50,1.92,99.61533994
100,4.5,50,1.94,99.61237347
100,4.5,50,1.96,99.60941911
100,4.5,50,1.98,99.60647684
100,4.5,50,2,99.60354668
100,5,50,0.02,100
100,5,50,0.04,99.99334188
100,5,50,0.06,99.98679021
100,5,50,0.08,99.98034501
100,5,50,0.1,99.97400627
100,5,50,0.12,99.96777399
100,5,50,0.14,99.96164817
100,5,50,0.16,99.9556288
100,5,50,0.18,99.9497159
100,5,50,0.2,99.94390946
100,5,50,0.22,99.93820948
100,5,50,0.24,99.93261596
100,5,50,0.26,99.9271289
100,5,50,0.28,99.9217483
100,5,50,0.3,99.91647416
100,5,50,0.32,99.91130648
100,5,50,0.34,99.90624526
100,5,50,0.36,99.9012905
100,5,50,0.38,99.89644221
100,5,50,0.4,99.89170037
100,5,50,0.42,99.88706499
100,5,50,0.44,99.88253607
100,5,50,0.46,99.87811362
100,5,50,0.48,99.87379762
100,5,50,0.5,99.86958808
100,5,50,0.52,99.86548501
100,5,50,0.54,99.86119385
100,5,50,0.56,99.85693013
100,5,50,0.58,99.85269385
100,5,50,0.6,99.848485
100,5,50,0.62,99.84430359
100,5,50,0.64,99.84014961
100,5,50,0.66,99.83602307
100,5,50,0.68,99.83192396
100,5,50,0.7,99.82785229
100,5,50,0.72,99.82380805
100,5,50,0.74,99.81979125
100,5,50,0.76,99.81580188
100,5,50,0.78,99.81183995
100,5,50,0.8,99.80790545
100,5,50,0.82,99.80399839
100,5,50,0.84,99.80011877
100,5,50,0.86,99.79626658
100,5,50,0.88,99.79244182
100,5,50,0.9,99.7886445
100,5,50,0.92,99.78487461
100,5,50,0.94,99.78113216
100,5,50,0.96,99.77741715
100,5,50,0.98,99.77372957
100,5,50,1,99.77006942
100,5,50,1.02,99.76643671
100,5,50,1.04,99.76281072
100,5,50,1.06,99.75920144
100,5,50,1.08,99.75560887
100,5,50,1.1,99.75203299
100,5,50,1.12,99.74847383
100,5,50,1.14,99.74493137
100,5,50,1.16,99.74140562
100,5,50,1.18,99.73789657
100,5,50,1.2,99.73440423
100,5,50,1.22,99.73092859
100,5,50,1.24,99.72746966
100,5,50,1.26,99.72402743
100,5,50,1.28,99.72060191
100,5,50,1.3,99.7171931
100,5,50,1.32,99.71380099
100,5,50,1.34,99.71042559
100,5,50,1.36,99.70706689
100,5,50,1.38,99.7037249
100,5,50,1.4,99.70039962
100,5,50,1.42,99.69709104
100,5,50,1.44,99.69379916
100,5,50,1.46,99.69052399
100,5,50,1.48,99.68726553
100,5,50,1.5,99.68402377
100,5,50,1.52,99.68079872
100,5,50,1.54,99.67758272
100,5,50,1.56,99.67437881
100,5,50,1.58,99.67118699
100,5,50,1.6,99.66800726
100,5,50,1.62,99.66483963
100,5,50,1.64,99.66168408
100,5,50,1.66,99.65854063
100,5,50,1.68,99.65540927
100,5,50,1.7,99.65229
100,5,50,1.72,99.64918282
100,5,50,1.74,99.64608774
100,5,50,1.76,99.64300474
100,5,50,1.78,99.63687503
100,5,50,1.8,99.63382831
100,5,50,1.82,99.63079368
100,5,50,1.84,99.62777115
100,5,50,1.86,99.6247607
100,5,50,1.88,99.62176235
100,5,50,1.9,99.61877609
100,5,50,1.92,99.61580192
100,5,50,1.94,99.61283985
100,5,50,1.96,99.60988986
100,5,50,1.98,99.60695197
100,5,50,2,99.60402616
100,5.5,50,0.02,100
100,5.5,50,0.04,99.99334691
100,5.5,50,0.06,99.98680027
100,5.5,50,0.08,99.98036009
100,5.5,50,0.1,99.97402637
100,5.5,50,0.12,99.96779911
100,5.5,50,0.14,99.96167831
100,5.5,50,0.16,99.95566397
100,5.5,50,0.18,99.94975609
100,5.5,50,0.2,99.94395466
100,5.5,50,0.22,99.93825969
100,5.5,50,0.24,99.93267118
100,5.5,50,0.26,99.92718913
100,5.5,50,0.28,99.92181354
100,5.5,50,0.3,99.91654441
100,5.5,50,0.32,99.91138173
100,5.5,50,0.34,99.90632552
100,5.5,50,0.36,99.90137576
100,5.5,50,0.38,99.89653246
100,5.5,50,0.4,99.89179562
100,5.5,50,0.42,99.88716524
100,5.5,50,0.44,99.88264131
100,5.5,50,0.46,99.87822385
100,5.5,50,0.48,99.87391284
100,5.5,50,0.5,99.86970829
100,5.5,50,0.52,99.8656102
100,5.5,50,0.54,99.86132404
100,5.5,50,0.56,99.8570653
100,5.5,50,0.58,99.85283399
100,5.5,50,0.6,99.84863011
100,5.5,50,0.62,99.84445366
100,5.5,50,0.64,99.84030464
100,5.5,50,0.66,99.83618305
100,5.5,50,0.68,99.83208889
100,5.5,50,0.7,99.82802216
100,5.5,50,0.72,99.82398286
100,5.5,50,0.74,99.81997099
100,5.5,50,0.76,99.81598655
100,5.5,50,0.78,99.81202954
100,5.5,50,0.8,99.80809996
100,5.5,50,0.82,99.80419781
100,5.5,50,0.84,99.80032309
100,5.5,50,0.86,99.7964758
100,5.5,50,0.88,99.79265594
100,5.5,50,0.9,99.78886351
100,5.5,50,0.92,99.78509851
100,5.5,50,0.94,99.78136094
100,5.5,50,0.96,99.7776508
100,5.5,50,0.98,99.77396809
100,5.5,50,1,99.77031281
100,5.5,50,1.02,99.76668496
100,5.5,50,1.04,99.76306382
100,5.5,50,1.06,99.75945938
100,5.5,50,1.08,99.75587164
100,5.5,50,1.1,99.7523006
100,5.5,50,1.12,99.74874625
100,5.5,50,1.14,99.74520861
100,5.5,50,1.16,99.74168765
100,5.5,50,1.18,99.7381834
100,5.5,50,1.2,99.73469584
100,5.5,50,1.22,99.73122498
100,5.5,50,1.24,99.72777082
100,5.5,50,1.26,99.72433335
100,5.5,50,1.28,99.72091259
100,5.5,50,1.3,99.71750851
100,5.5,50,1.32,99.71412114
100,5.5,50,1.34,99.71075046
100,5.5,50,1.36,99.70739648
100,5.5,50,1.38,99.7040592
100,5.5,50,1.4,99.70073861
100,5.5,50,1.42,99.69743473
100,5.5,50,1.44,99.69414753
100,5.5,50,1.46,99.69087704
100,5.5,50,1.48,99.68762324
100,5.5,50,1.5,99.68438614
100,5.5,50,1.52,99.68116574
100,5.5,50,1.54,99.67795438
100,5.5,50,1.56,99.67475509
100,5.5,50,1.58,99.67156789
100,5.5,50,1.6,99.66839277
100,5.5,50,1.62,99.66522972
100,5.5,50,1.64,99.66207876
100,5.5,50,1.66,99.65893987
100,5.5,50,1.68,99.65581307
100,5.5,50,1.7,99.65269835
100,5.5,50,1.72,99.6495957
100,5.5,50,1.74,99.64650514
100,5.5,50,1.76,99.64342666
100,5.5,50,1.78,99.63730593
100,5.5,50,1.8,99.63426368
100,5.5,50,1.82,99.63123352
100,5.5,50,1.84,99.62821544
100,5.5,50,1.86,99.62520943
100,5.5,50,1.88,99.62221551
100,5.5,50,1.9,99.61923367
100,5.5,50,1.92,99.6162639
100,5.5,50,1.94,99.61330622
100,5.5,50,1.96,99.61036062
100,5.5,50,1.98,99.60742709
100,5.5,50,2,99.60450565
100,6,50,0.02,100
100,6,50,0.04,99.99335124
100,6,50,0.06,99.98680894
100,6,50,0.08,99.9803731
100,6,50,0.1,99.97404371
100,6,50,0.12,99.96782078
100,6,50,0.14,99.96170431
100,6,50,0.16,99.95569429
100,6,50,0.18,99.94979073
100,6,50,0.2,99.94399363
100,6,50,0.22,99.93830298
100,6,50,0.24,99.9327188
100,6,50,0.26,99.92724107
100,6,50,0.28,99.92186979
100,6,50,0.3,99.91660497
100,6,50,0.32,99.91144661
100,6,50,0.34,99.90639471
100,6,50,0.36,99.90144927
100,6,50,0.38,99.89661028
100,6,50,0.4,99.89187774
100,6,50,0.42,99.88725167
100,6,50,0.44,99.88273205
100,6,50,0.46,99.87831889
100,6,50,0.48,99.87401219
100,6,50,0.5,99.86981194
100,6,50,0.52,99.86571815
100,6,50,0.54,99.86143628
100,6,50,0.56,99.85718183
100,6,50,0.58,99.85295481
100,6,50,0.6,99.84875521
100,6,50,0.62,99.84458304
100,6,50,0.64,99.8404383
100,6,50,0.66,99.83632098
100,6,50,0.68,99.83223108
100,6,50,0.7,99.82816862
100,6,50,0.72,99.82413357
100,6,50,0.74,99.82012596
100,6,50,0.76,99.81614576
100,6,50,0.78,99.812193
100,6,50,0.8,99.80826766
100,6,50,0.82,99.80436974
100,6,50,0.84,99.80049925
100,6,50,0.86,99.79665619
100,6,50,0.88,99.79284055
100,6,50,0.9,99.78905234
100,6,50,0.92,99.78529155
100,6,50,0.94,99.78155819
100,6,50,0.96,99.77785225
100,6,50,0.98,99.77417374
100,6,50,1,99.77052265
100,6,50,1.02,99.76689899
100,6,50,1.04,99.76328204
100,6,50,1.06,99.75968178
100,6,50,1.08,99.75609821
100,6,50,1.1,99.75253133
100,6,50,1.12,99.74898114
100,6,50,1.14,99.74544764
100,6,50,1.16,99.74193083
100,6,50,1.18,99.73843071
100,6,50,1.2,99.73494727
100,6,50,1.22,99.73148053
100,6,50,1.24,99.72803048
100,6,50,1.26,99.72459712
100,6,50,1.28,99.72118045
100,6,50,1.3,99.71778046
100,6,50,1.32,99.71439717
100,6,50,1.34,99.71103057
100,6,50,1.36,99.70768066
100,6,50,1.38,99.70434743
100,6,50,1.4,99.7010309
100,6,50,1.42,99.69773106
100,6,50,1.44,99.6944479
100,6,50,1.46,99.69118144
100,6,50,1.48,99.68793167
100,6,50,1.5,99.68469858
100,6,50,1.52,99.68148219
100,6,50,1.54,99.67827482
100,6,50,1.56,99.67507953
100,6,50,1.58,99.67189631
100,6,50,1.6,99.66872515
100,6,50,1.62,99.66556607
100,6,50,1.64,99.66241905
100,6,50,1.66,99.65928411
100,6,50,1.68,99.65616123
100,6,50,1.7,99.65305043
100,6,50,1.72,99.64995169
100,6,50,1.74,99.64686503
100,6,50,1.76,99.64379043
100,6,50,1.78,99.63767745
100,6,50,1.8,99.63463907
100,6,50,1.82,99.63161275
100,6,50,1.84,99.62859851
100,6,50,1.86,99.62559633
100,6,50,1.88,99.62260623
100,6,50,1.9,99.61962819
100,6,50,1.92,99.61666223
100,6,50,1.94,99.61370833
100,6,50,1.96,99.6107665
100,6,50,1.98,99.60783675
100,6,50,2,99.60491906
100,6.5,50,0.02,100
100,6.5,50,0.04,99.99335255
100,6.5,50,0.06,99.98681155
100,6.5,50,0.08,99.98037702
100,6.5,50,0.1,99.97404894
100,6.5,50,0.12,99.96782731
100,6.5,50,0.14,99.96171214
100,6.5,50,0.16,99.95570343
100,6.5,50,0.18,99.94980118
100,6.5,50,0.2,99.94400538
100,6.5,50,0.22,99.93831604
100,6.5,50,0.24,99.93273315
100,6.5,50,0.26,99.92725672
100,6.5,50,0.28,99.92188675
100,6.5,50,0.3,99.91662323
100,6.5,50,0.32,99.91146617
100,6.5,50,0.34,99.90641557
100,6.5,50,0.36,99.90147143
100,6.5,50,0.38,99.89663374
100,6.5,50,0.4,99.8919025
100,6.5,50,0.42,99.88727773
100,6.5,50,0.44,99.88275941
100,6.5,50,0.46,99.87834754
100,6.5,50,0.48,99.87404214
100,6.5,50,0.5,99.86984319
100,6.5,50,0.52,99.86575069
100,6.5,50,0.54,99.86147012
100,6.5,50,0.56,99.85721696
100,6.5,50,0.58,99.85299123
100,6.5,50,0.6,99.84879293
100,6.5,50,0.62,99.84462205
100,6.5,50,0.64,99.84047859
100,6.5,50,0.66,99.83636256
100,6.5,50,0.68,99.83227395
100,6.5,50,0.7,99.82821277
100,6.5,50,0.72,99.82417901
100,6.5,50,0.74,99.82017267
100,6.5,50,0.76,99.81619376
100,6.5,50,0.78,99.81224228
100,6.5,50,0.8,99.80831821
100,6.5,50,0.82,99.80442158
100,6.5,50,0.84,99.80055236
100,6.5,50,0.86,99.79671057
100,6.5,50,0.88,99.79289621
100,6.5,50,0.9,99.78910926
100,6.5,50,0.92,99.78534975
100,6.5,50,0.94,99.78161765
100,6.5,50,0.96,99.77791298
100,6.5,50,0.98,99.77423574
100,6.5,50,1,99.77058592
100,6.5,50,1.02,99.76696352
100,6.5,50,1.04,99.76334783
100,6.5,50,1.06,99.75974883
100,6.5,50,1.08,99.75616652
100,6.5,50,1.1,99.75260089
100,6.5,50,1.12,99.74905195
100,6.5,50,1.14,99.7455197
100,6.5,50,1.16,99.74200414
100,6.5,50,1.18,99.73850526
100,6.5,50,1.2,99.73502308
100,6.5,50,1.22,99.73155758
100,6.5,50,1.24,99.72810876
100,6.5,50,1.26,99.72467664
100,6.5,50,1.28,99.7212612
100,6.5,50,1.3,99.71786245
100,6.5,50,1.32,99.71448039
100,6.5,50,1.34,99.71111502
100,6.5,50,1.36,99.70776633
100,6.5,50,1.38,99.70443433
100,6.5,50,1.4,99.70111902
100,6.5,50,1.42,99.6978204
100,6.5,50,1.44,99.69453846
100,6.5,50,1.46,99.69127321
100,6.5,50,1.48,99.68802465
100,6.5,50,1.5,99.68479278
100,6.5,50,1.52,99.6815776
100,6.5,50,1.54,99.67837144
100,6.5,50,1.56,99.67517735
100,6.5,50,1.58,99.67199532
100,6.5,50,1.6,99.66882536
100,6.5,50,1.62,99.66566747
100,6.5,50,1.64,99.66252165
100,6.5,50,1.66,99.65938789
100,6.5,50,1.68,99.6562662
100,6.5,50,1.7,99.65315658
100,6.5,50,1.72,99.65005902
100,6.5,50,1.74,99.64697354
100,6.5,50,1.76,99.64390011
100,6.5,50,1.78,99.63778947
100,6.5,50,1.8,99.63475225
100,6.5,50,1.82,99.63172709
100,6.5,50,1.84,99.62871401
100,6.5,50,1.86,99.62571299
100,6.5,50,1.88,99.62272403
100,6.5,50,1.9,99.61974714
100,6.5,50,1.92,99.61678232
100,6.5,50,1.94,99.61382957
100,6.5,50,1.96,99.61088889
100,6.5,50,1.98,99.60796027
100,6.5,50,2,99.60504371
100,7,50,0.02,100
100,7,50,0.04,99.99335386
100,7,50,0.06,99.98681417
100,7,50,0.08,99.98038094
100,7,50,0.1,99.97405416
100,7,50,0.12,99.96783384
100,7,50,0.14,99.96171998
100,7,50,0.16,99.95571257
100,7,50,0.18,99.94981162
100,7,50,0.2,99.94401712
100,7,50,0.22,99.93832909
100,7,50,0.24,99.9327475
100,7,50,0.26,99.92727238
100,7,50,0.28,99.92190371
100,7,50,0.3,99.91664149
100,7,50,0.32,99.91148573
100,7,50,0.34,99.90643643
100,7,50,0.36,99.90149358
100,7,50,0.38,99.89665719
100,7,50,0.4,99.89192726
100,7,50,0.42,99.88730378
100,7,50,0.44,99.88278676
100,7,50,0.46,99.8783762
100,7,50,0.48,99.87407209
100,7,50,0.5,99.86987443
100,7,50,0.52,99.86578324
100,7,50,0.54,99.86150395
100,7,50,0.56,99.85725209
100,7,50,0.58,99.85302766
100,7,50,0.6,99.84883065
100,7,50,0.62,99.84466106
100,7,50,0.64,99.84051889
100,7,50,0.66,99.83640414
100,7,50,0.68,99.83231682
100,7,50,0.7,99.82825692
100,7,50,0.72,99.82422445
100,7,50,0.74,99.82021939
100,7,50,0.76,99.81624176
100,7,50,0.78,99.81229156
100,7,50,0.8,99.80836877
100,7,50,0.82,99.80447341
100,7,50,0.84,99.80060547
100,7,50,0.86,99.79676495
100,7,50,0.88,99.79295186
100,7,50,0.9,99.78916619
100,7,50,0.92,99.78540794
100,7,50,0.94,99.78167712
100,7,50,0.96,99.77797372
100,7,50,0.98,99.77429774
100,7,50,1,99.77064918
100,7,50,1.02,99.76702805
100,7,50,1.04,99.76341362
100,7,50,1.06,99.75981588
100,7,50,1.08,99.75623482
100,7,50,1.1,99.75267045
100,7,50,1.12,99.74912277
100,7,50,1.14,99.74559177
100,7,50,1.16,99.74207745
100,7,50,1.18,99.73857982
100,7,50,1.2,99.73509888
100,7,50,1.22,99.73163462
100,7,50,1.24,99.72818705
100,7,50,1.26,99.72475616
100,7,50,1.28,99.72134196
100,7,50,1.3,99.71794444
100,7,50,1.32,99.71456361
100,7,50,1.34,99.71119947
100,7,50,1.36,99.70785201
100,7,50,1.38,99.70452123
100,7,50,1.4,99.70120714
100,7,50,1.42,99.69790974
100,7,50,1.44,99.69462902
100,7,50,1.46,99.69136499
100,7,50,1.48,99.68811764
100,7,50,1.5,99.68488698
100,7,50,1.52,99.681673
100,7,50,1.54,99.67846805
100,7,50,1.56,99.67527516
100,7,50,1.58,99.67209434
100,7,50,1.6,99.66892558
100,7,50,1.62,99.66576888
100,7,50,1.64,99.66262425
100,7,50,1.66,99.65949168
100,7,50,1.68,99.65637117
100,7,50,1.7,99.65326273
100,7,50,1.72,99.65016636
100,7,50,1.74,99.64708204
100,7,50,1.76,99.64400979
100,7,50,1.78,99.63790149
100,7,50,1.8,99.63486543
100,7,50,1.82,99.63184143
100,7,50,1.84,99.6288295
100,7,50,1.86,99.62582964
100,7,50,1.88,99.62284184
100,7,50,1.9,99.6198661
100,7,50,1.92,99.61690242
100,7,50,1.94,99.61395081
100,7,50,1.96,99.61101127
100,7,50,1.98,99.60808378
100,7,50,2,99.60516836
100,7.5,50,0.02,100
100,7.5,50,0.04,99.9933549
100,7.5,50,0.06,99.98681625
100,7.5,50,0.08,99.98038407
100,7.5,50,0.1,99.97405833
100,7.5,50,0.12,99.96783905
100,7.5,50,0.14,99.96172623
100,7.5,50,0.16,99.95571987
100,7.5,50,0.18,99.94981996
100,7.5,50,0.2,99.9440265
100,7.5,50,0.22,99.9383395
100,7.5,50,0.24,99.93275896
100,7.5,50,0.26,99.92728487
100,7.5,50,0.28,99.92191724
100,7.5,50,0.3,99.91665607
100,7.5,50,0.32,99.91150135
100,7.5,50,0.34,99.90645308
100,7.5,50,0.36,99.90151127
100,7.5,50,0.38,99.89667592
100,7.5,50,0.4,99.89194702
100,7.5,50,0.42,99.88732458
100,7.5,50,0.44,99.8828086
100,7.5,50,0.46,99.87839907
100,7.5,50,0.48,99.87409599
100,7.5,50,0.5,99.86989937
100,7.5,50,0.52,99.86580921
100,7.5,50,0.54,99.86153096
100,7.5,50,0.56,99.85728014
100,7.5,50,0.58,99.85305673
100,7.5,50,0.6,99.84886075
100,7.5,50,0.62,99.84469219
100,7.5,50,0.64,99.84055105
100,7.5,50,0.66,99.83643733
100,7.5,50,0.68,99.83235104
100,7.5,50,0.7,99.82829217
100,7.5,50,0.72,99.82426071
100,7.5,50,0.74,99.82025668
100,7.5,50,0.76,99.81628008
100,7.5,50,0.78,99.81233089
100,7.5,50,0.8,99.80840913
100,7.5,50,0.82,99.80451478
100,7.5,50,0.84,99.80064786
100,7.5,50,0.86,99.79680836
100,7.5,50,0.88,99.79299629
100,7.5,50,0.9,99.78921163
100,7.5,50,0.92,99.7854544
100,7.5,50,0.94,99.78172458
100,7.5,50,0.96,99.77802219
100,7.5,50,0.98,99.77434723
100,7.5,50,1,99.77069968
100,7.5,50,1.02,99.76707956
100,7.5,50,1.04,99.76346614
100,7.5,50,1.06,99.7598694
100,7.5,50,1.08,99.75628935
100,7.5,50,1.1,99.75272598
100,7.5,50,1.12,99.74917929
100,7.5,50,1.14,99.74564929
100,7.5,50,1.16,99.74213597
100,7.5,50,1.18,99.73863934
100,7.5,50,1.2,99.73515939
100,7.5,50,1.22,99.73169612
100,7.5,50,1.24,99.72824954
100,7.5,50,1.26,99.72481964
100,7.5,50,1.28,99.72140642
100,7.5,50,1.3,99.71800989
100,7.5,50,1.32,99.71463004
100,7.5,50,1.34,99.71126688
100,7.5,50,1.36,99.70792039
100,7.5,50,1.38,99.7045906
100,7.5,50,1.4,99.70127748
100,7.5,50,1.42,99.69798105
100,7.5,50,1.44,99.69470131
100,7.5,50,1.46,99.69143824
100,7.5,50,1.48,99.68819186
100,7.5,50,1.5,99.68496217
100,7.5,50,1.52,99.68174916
100,7.5,50,1.54,99.67854517
100,7.5,50,1.56,99.67535324
100,7.5,50,1.58,99.67217337
100,7.5,50,1.6,99.66900557
100,7.5,50,1.62,99.66584983
100,7.5,50,1.64,99.66270614
100,7.5,50,1.66,99.65957452
100,7.5,50,1.68,99.65645496
100,7.5,50,1.7,99.65334747
100,7.5,50,1.72,99.65025203
100,7.5,50,1.74,99.64716866
100,7.5,50,1.76,99.64409734
100,7.5,50,1.78,99.6379909
100,7.5,50,1.8,99.63495577
100,7.5,50,1.82,99.6319327
100,7.5,50,1.84,99.6289217
100,7.5,50,1.86,99.62592275
100,7.5,50,1.88,99.62293587
100,7.5,50,1.9,99.61996105
100,7.5,50,1.92,99.61699829
100,7.5,50,1.94,99.61404759
100,7.5,50,1.96,99.61110895
100,7.5,50,1.98,99.60818238
100,7.5,50,2,99.60526786
100,8,50,0.02,100
100,8,50,0.04,99.99335479
100,8,50,0.06,99.98681604
100,8,50,0.08,99.98038374
100,8,50,0.1,99.97405789
100,8,50,0.12,99.96783851
100,8,50,0.14,99.96172558
100,8,50,0.16,99.9557191
100,8,50,0.18,99.94981908
100,8,50,0.2,99.94402552
100,8,50,0.22,99.93833841
100,8,50,0.24,99.93275776
100,8,50,0.26,99.92728356
100,8,50,0.28,99.92191582
100,8,50,0.3,99.91665454
100,8,50,0.32,99.91149971
100,8,50,0.34,99.90645133
100,8,50,0.36,99.90150942
100,8,50,0.38,99.89667396
100,8,50,0.4,99.89194495
100,8,50,0.42,99.8873224
100,8,50,0.44,99.88280631
100,8,50,0.46,99.87839667
100,8,50,0.48,99.87409348
100,8,50,0.5,99.86989676
100,8,50,0.52,99.86580649
100,8,50,0.54,99.86152813
100,8,50,0.56,99.8572772
100,8,50,0.58,99.85305368
100,8,50,0.6,99.84885759
100,8,50,0.62,99.84468892
100,8,50,0.64,99.84054768
100,8,50,0.66,99.83643385
100,8,50,0.68,99.83234745
100,8,50,0.7,99.82828847
100,8,50,0.72,99.82425691
100,8,50,0.74,99.82025277
100,8,50,0.76,99.81627606
100,8,50,0.78,99.81232676
100,8,50,0.8,99.80840489
100,8,50,0.82,99.80451044
100,8,50,0.84,99.80064342
100,8,50,0.86,99.79680381
100,8,50,0.88,99.79299163
100,8,50,0.9,99.78920686
100,8,50,0.92,99.78544952
100,8,50,0.94,99.78171961
100,8,50,0.96,99.77801711
100,8,50,0.98,99.77434204
100,8,50,1,99.77069438
100,8,50,1.02,99.76707415
100,8,50,1.04,99.76346063
100,8,50,1.06,99.75986379
100,8,50,1.08,99.75628363
100,8,50,1.1,99.75272015
100,8,50,1.12,99.74917336
100,8,50,1.14,99.74564326
100,8,50,1.16,99.74212983
100,8,50,1.18,99.7386331
100,8,50,1.2,99.73515304
100,8,50,1.22,99.73168967
100,8,50,1.24,99.72824298
100,8,50,1.26,99.72481298
100,8,50,1.28,99.72139966
100,8,50,1.3,99.71800303
100,8,50,1.32,99.71462307
100,8,50,1.34,99.71125981
100,8,50,1.36,99.70791322
100,8,50,1.38,99.70458332
100,8,50,1.4,99.70127011
100,8,50,1.42,99.69797358
100,8,50,1.44,99.69469373
100,8,50,1.46,99.69143056
100,8,50,1.48,99.68818408
100,8,50,1.5,99.68495429
100,8,50,1.52,99.68174117
100,8,50,1.54,99.67853708
100,8,50,1.56,99.67534505
100,8,50,1.58,99.67216509
100,8,50,1.6,99.66899718
100,8,50,1.62,99.66584134
100,8,50,1.64,99.66269756
100,8,50,1.66,99.65956584
100,8,50,1.68,99.65644618
100,8,50,1.7,99.65333858
100,8,50,1.72,99.65024305
100,8,50,1.74,99.64715958
100,8,50,1.76,99.64408816
100,8,50,1.78,99.63798153
100,8,50,1.8,99.6349463
100,8,50,1.82,99.63192314
100,8,50,1.84,99.62891203
100,8,50,1.86,99.62591299
100,8,50,1.88,99.62292601
100,8,50,1.9,99.6199511
100,8,50,1.92,99.61698824
100,8,50,1.94,99.61403745
100,8,50,1.96,99.61109871
100,8,50,1.98,99.60817204
100,8,50,2,99.60525743
100,8.5,50,0.02,100
100,8.5,50,0.04,99.99335468
100,8.5,50,0.06,99.98681582
100,8.5,50,0.08,99.98038341
100,8.5,50,0.1,99.97405746
100,8.5,50,0.12,99.96783796
100,8.5,50,0.14,99.96172492
100,8.5,50,0.16,99.95571834
100,8.5,50,0.18,99.94981821
100,8.5,50,0.2,99.94402454
100,8.5,50,0.22,99.93833732
100,8.5,50,0.24,99.93275656
100,8.5,50,0.26,99.92728225
100,8.5,50,0.28,99.9219144
100,8.5,50,0.3,99.91665301
100,8.5,50,0.32,99.91149807
100,8.5,50,0.34,99.90644959
100,8.5,50,0.36,99.90150756
100,8.5,50,0.38,99.89667199
100,8.5,50,0.4,99.89194288
100,8.5,50,0.42,99.88732022
100,8.5,50,0.44,99.88280402
100,8.5,50,0.46,99.87839427
100,8.5,50,0.48,99.87409098
100,8.5,50,0.5,99.86989414
100,8.5,50,0.52,99.86580376
100,8.5,50,0.54,99.8615253
100,8.5,50,0.56,99.85727425
100,8.5,50,0.58,99.85305063
100,8.5,50,0.6,99.84885444
100,8.5,50,0.62,99.84468566
100,8.5,50,0.64,99.8405443
100,8.5,50,0.66,99.83643037
100,8.5,50,0.68,99.83234386
100,8.5,50,0.7,99.82828477
100,8.5,50,0.72,99.82425311
100,8.5,50,0.74,99.82024886
100,8.5,50,0.76,99.81627204
100,8.5,50,0.78,99.81232264
100,8.5,50,0.8,99.80840066
100,8.5,50,0.82,99.8045061
100,8.5,50,0.84,99.80063897
100,8.5,50,0.86,99.79679926
100,8.5,50,0.88,99.79298697
100,8.5,50,0.9,99.7892021
100,8.5,50,0.92,99.78544465
100,8.5,50,0.94,99.78171463
100,8.5,50,0.96,99.77801203
100,8.5,50,0.98,99.77433685
100,8.5,50,1,99.77068909
100,8.5,50,1.02,99.76706875
100,8.5,50,1.04,99.76345512
100,8.5,50,1.06,99.75985817
100,8.5,50,1.08,99.75627791
100,8.5,50,1.1,99.75271433
100,8.5,50,1.12,99.74916744
100,8.5,50,1.14,99.74563722
100,8.5,50,1.16,99.7421237
100,8.5,50,1.18,99.73862686
100,8.5,50,1.2,99.7351467
100,8.5,50,1.22,99.73168322
100,8.5,50,1.24,99.72823643
100,8.5,50,1.26,99.72480632
100,8.5,50,1.28,99.7213929
100,8.5,50,1.3,99.71799616
100,8.5,50,1.32,99.71461611
100,8.5,50,1.34,99.71125274
100,8.5,50,1.36,99.70790605
100,8.5,50,1.38,99.70457605
100,8.5,50,1.4,99.70126273
100,8.5,50,1.42,99.6979661
100,8.5,50,1.44,99.69468615
100,8.5,50,1.46,99.69142288
100,8.5,50,1.48,99.6881763
100,8.5,50,1.5,99.6849464
100,8.5,50,1.52,99.68173319
100,8.5,50,1.54,99.678529
100,8.5,50,1.56,99.67533687
100,8.5,50,1.58,99.6721568
100,8.5,50,1.6,99.6689888
100,8.5,50,1.62,99.66583285
100,8.5,50,1.64,99.66268897
100,8.5,50,1.66,99.65955715
100,8.5,50,1.68,99.6564374
100,8.5,50,1.7,99.6533297
100,8.5,50,1.72,99.65023407
100,8.5,50,1.74,99.6471505
100,8.5,50,1.76,99.64407899
100,8.5,50,1.78,99.63797215
100,8.5,50,1.8,99.63493683
100,8.5,50,1.82,99.63191357
100,8.5,50,1.84,99.62890237
100,8.5,50,1.86,99.62590323
100,8.5,50,1.88,99.62291616
100,8.5,50,1.9,99.61994114
100,8.5,50,1.92,99.61697819
100,8.5,50,1.94,99.6140273
100,8.5,50,1.96,99.61108847
100,8.5,50,1.98,99.60816171
100,8.5,50,2,99.60524701
100,9,50,0.02,100
100,9,50,0.04,99.99335456
100,9,50,0.06,99.98681558
100,9,50,0.08,99.98038305
100,9,50,0.1,99.97405698
100,9,50,0.12,99.96783736
100,9,50,0.14,99.9617242
100,9,50,0.16,99.9557175
100,9,50,0.18,99.94981725
100,9,50,0.2,99.94402346
100,9,50,0.22,99.93833612
100,9,50,0.24,99.93275524
100,9,50,0.26,99.92728082
100,9,50,0.28,99.92191285
100,9,50,0.3,99.91665134
100,9,50,0.32,99.91149628
100,9,50,0.34,99.90644768
100,9,50,0.36,99.90150554
100,9,50,0.38,99.89666985
100,9,50,0.4,99.89194061
100,9,50,0.42,99.88731784
100,9,50,0.44,99.88280151
100,9,50,0.46,99.87839165
100,9,50,0.48,99.87408824
100,9,50,0.5,99.86989128
100,9,50,0.52,99.86580079
100,9,50,0.54,99.8615222
100,9,50,0.56,99.85727104
100,9,50,0.58,99.8530473
100,9,50,0.6,99.84885099
100,9,50,0.62,99.84468209
100,9,50,0.64,99.84054062
100,9,50,0.66,99.83642657
100,9,50,0.68,99.83233994
100,9,50,0.7,99.82828074
100,9,50,0.72,99.82424895
100,9,50,0.74,99.82024459
100,9,50,0.76,99.81626765
100,9,50,0.78,99.81231813
100,9,50,0.8,99.80839604
100,9,50,0.82,99.80450137
100,9,50,0.84,99.80063411
100,9,50,0.86,99.79679429
100,9,50,0.88,99.79298188
100,9,50,0.9,99.78919689
100,9,50,0.92,99.78543933
100,9,50,0.94,99.78170919
100,9,50,0.96,99.77800647
100,9,50,0.98,99.77433118
100,9,50,1,99.7706833
100,9,50,1.02,99.76706285
100,9,50,1.04,99.76344911
100,9,50,1.06,99.75985204
100,9,50,1.08,99.75627167
100,9,50,1.1,99.75270797
100,9,50,1.12,99.74916096
100,9,50,1.14,99.74563064
100,9,50,1.16,99.742117
100,9,50,1.18,99.73862004
100,9,50,1.2,99.73513977
100,9,50,1.22,99.73167618
100,9,50,1.24,99.72822927
100,9,50,1.26,99.72479905
100,9,50,1.28,99.72138552
100,9,50,1.3,99.71798867
100,9,50,1.32,99.7146085
100,9,50,1.34,99.71124502
100,9,50,1.36,99.70789822
100,9,50,1.38,99.70456811
100,9,50,1.4,99.70125468
100,9,50,1.42,99.69795793
100,9,50,1.44,99.69467787
100,9,50,1.46,99.69141449
100,9,50,1.48,99.6881678
100,9,50,1.5,99.68493779
100,9,50,1.52,99.68172447
100,9,50,1.54,99.67852017
100,9,50,1.56,99.67532793
100,9,50,1.58,99.67214775
100,9,50,1.6,99.66897964
100,9,50,1.62,99.66582358
100,9,50,1.64,99.66267959
100,9,50,1.66,99.65954767
100,9,50,1.68,99.6564278
100,9,50,1.7,99.65332
100,9,50,1.72,99.65022426
100,9,50,1.74,99.64714058
100,9,50,1.76,99.64406896
100,9,50,1.78,99.63796191
100,9,50,1.8,99.63492649
100,9,50,1.82,99.63190312
100,9,50,1.84,99.62889181
100,9,50,1.86,99.62589257
100,9,50,1.88,99.62290539
100,9,50,1.9,99.61993027
100,9,50,1.92,99.61696721
100,9,50,1.94,99.61401622
100,9,50,1.96,99.61107729
100,9,50,1.98,99.60815042
100,9,50,2,99.60523561
100,9.5,50,0.02,100
100,9.5,50,0.04,99.9933544
100,9.5,50,0.06,99.98681525
100,9.5,50,0.08,99.98038256
100,9.5,50,0.1,99.97405633
100,9.5,50,0.12,99.96783655
100,9.5,50,0.14,99.96172322
100,9.5,50,0.16,99.95571636
100,9.5,50,0.18,99.94981595
100,9.5,50,0.2,99.94402199
100,9.5,50,0.22,99.93833449
100,9.5,50,0.24,99.93275345
100,9.5,50,0.26,99.92727886
100,9.5,50,0.28,99.92191073
100,9.5,50,0.3,99.91664905
100,9.5,50,0.32,99.91149383
100,9.5,50,0.34,99.90644507
100,9.5,50,0.36,99.90150276
100,9.5,50,0.38,99.89666691
100,9.5,50,0.4,99.89193751
100,9.5,50,0.42,99.88731457
100,9.5,50,0.44,99.88279809
100,9.5,50,0.46,99.87838806
100,9.5,50,0.48,99.87408449
100,9.5,50,0.5,99.86988737
100,9.5,50,0.52,99.86579671
100,9.5,50,0.54,99.86151797
100,9.5,50,0.56,99.85726664
100,9.5,50,0.58,99.85304274
100,9.5,50,0.6,99.84884627
100,9.5,50,0.62,99.84467721
100,9.5,50,0.64,99.84053558
100,9.5,50,0.66,99.83642136
100,9.5,50,0.68,99.83233458
100,9.5,50,0.7,99.82827521
100,9.5,50,0.72,99.82424326
100,9.5,50,0.74,99.82023874
100,9.5,50,0.76,99.81626164
100,9.5,50,0.78,99.81231197
100,9.5,50,0.8,99.80838971
100,9.5,50,0.82,99.80449488
100,9.5,50,0.84,99.80062747
100,9.5,50,0.86,99.79678748
100,9.5,50,0.88,99.79297491
100,9.5,50,0.9,99.78918977
100,9.5,50,0.92,99.78543205
100,9.5,50,0.94,99.78170175
100,9.5,50,0.96,99.77799887
100,9.5,50,0.98,99.77432342
100,9.5,50,1,99.77067539
100,9.5,50,1.02,99.76705478
100,9.5,50,1.04,99.76344087
100,9.5,50,1.06,99.75984365
100,9.5,50,1.08,99.75626312
100,9.5,50,1.1,99.75269926
100,9.5,50,1.12,99.7491521
100,9.5,50,1.14,99.74562162
100,9.5,50,1.16,99.74210782
100,9.5,50,1.18,99.73861071
100,9.5,50,1.2,99.73513028
100,9.5,50,1.22,99.73166653
100,9.5,50,1.24,99.72821948
100,9.5,50,1.26,99.7247891
100,9.5,50,1.28,99.72137541
100,9.5,50,1.3,99.71797841
100,9.5,50,1.32,99.71459808
100,9.5,50,1.34,99.71123445
100,9.5,50,1.36,99.7078875
100,9.5,50,1.38,99.70455723
100,9.5,50,1.4,99.70124365
100,9.5,50,1.42,99.69794675
100,9.5,50,1.44,99.69466653
100,9.5,50,1.46,99.69140301
100,9.5,50,1.48,99.68815616
100,9.5,50,1.5,99.684926
100,9.5,50,1.52,99.68171252
100,9.5,50,1.54,99.67850807
100,9.5,50,1.56,99.67531568
100,9.5,50,1.58,99.67213536
100,9.5,50,1.6,99.66896709
100,9.5,50,1.62,99.66581089
100,9.5,50,1.64,99.66266675
100,9.5,50,1.66,99.65953468
100,9.5,50,1.68,99.65641466
100,9.5,50,1.7,99.65330671
100,9.5,50,1.72,99.65021082
100,9.5,50,1.74,99.647127
100,9.5,50,1.76,99.64405523
100,9.5,50,1.78,99.63794789
100,9.5,50,1.8,99.63491232
100,9.5,50,1.82,99.63188881
100,9.5,50,1.84,99.62887736
100,9.5,50,1.86,99.62587797
100,9.5,50,1.88,99.62289064
100,9.5,50,1.9,99.61991538
100,9.5,50,1.92,99.61695218
100,9.5,50,1.94,99.61400105
100,9.5,50,1.96,99.61106197
100,9.5,50,1.98,99.60813496
100,9.5,50,2,99.60522001
100,10,50,0.02,100
100,10,50,0.04,99.99335423
100,10,50,0.06,99.98681492
100,10,50,0.08,99.98038207
100,10,50,0.1,99.97405567
100,10,50,0.12,99.96783573
100,10,50,0.14,99.96172224
100,10,50,0.16,99.95571521
100,10,50,0.18,99.94981464
100,10,50,0.2,99.94402052
100,10,50,0.22,99.93833286
100,10,50,0.24,99.93275165
100,10,50,0.26,99.9272769
100,10,50,0.28,99.92190861
100,10,50,0.3,99.91664677
100,10,50,0.32,99.91149139
100,10,50,0.34,99.90644246
100,10,50,0.36,99.90149999
100,10,50,0.38,99.89666397
100,10,50,0.4,99.89193442
100,10,50,0.42,99.88731131
100,10,50,0.44,99.88279467
100,10,50,0.46,99.87838448
100,10,50,0.48,99.87408074
100,10,50,0.5,99.86988346
100,10,50,0.52,99.86579264
100,10,50,0.54,99.86151373
100,10,50,0.56,99.85726225
100,10,50,0.58,99.85303818
100,10,50,0.6,99.84884155
100,10,50,0.62,99.84467233
100,10,50,0.64,99.84053053
100,10,50,0.66,99.83641616
100,10,50,0.68,99.83232921
100,10,50,0.7,99.82826968
100,10,50,0.72,99.82423758
100,10,50,0.74,99.82023289
100,10,50,0.76,99.81625563
100,10,50,0.78,99.8123058
100,10,50,0.8,99.80838338
100,10,50,0.82,99.80448839
100,10,50,0.84,99.80062082
100,10,50,0.86,99.79678067
100,10,50,0.88,99.79296795
100,10,50,0.9,99.78918264
100,10,50,0.92,99.78542476
100,10,50,0.94,99.78169431
100,10,50,0.96,99.77799127
100,10,50,0.98,99.77431566
100,10,50,1,99.77066747
100,10,50,1.02,99.7670467
100,10,50,1.04,99.76343264
100,10,50,1.06,99.75983526
100,10,50,1.08,99.75625457
100,10,50,1.1,99.75269056
100,10,50,1.12,99.74914323
100,10,50,1.14,99.7456126
100,10,50,1.16,99.74209864
100,10,50,1.18,99.73860137
100,10,50,1.2,99.73512079
100,10,50,1.22,99.73165689
100,10,50,1.24,99.72820968
100,10,50,1.26,99.72477915
100,10,50,1.28,99.7213653
100,10,50,1.3,99.71796814
100,10,50,1.32,99.71458767
100,10,50,1.34,99.71122388
100,10,50,1.36,99.70787677
100,10,50,1.38,99.70454635
100,10,50,1.4,99.70123262
100,10,50,1.42,99.69793557
100,10,50,1.44,99.6946552
100,10,50,1.46,99.69139152
100,10,50,1.48,99.68814452
100,10,50,1.5,99.68491421
100,10,50,1.52,99.68170058
100,10,50,1.54,99.67849598
100,10,50,1.56,99.67530344
100,10,50,1.58,99.67212296
100,10,50,1.6,99.66895455
100,10,50,1.62,99.6657982
100,10,50,1.64,99.66265391
100,10,50,1.66,99.65952168
100,10,50,1.68,99.65640152
100,10,50,1.7,99.65329342
100,10,50,1.72,99.65019739
100,10,50,1.74,99.64711342
100,10,50,1.76,99.64404151
100,10,50,1.78,99.63793387
100,10,50,1.8,99.63489815
100,10,50,1.82,99.6318745
100,10,50,1.84,99.6288629
100,10,50,1.86,99.62586337
100,10,50,1.88,99.6228759
100,10,50,1.9,99.61990049
100,10,50,1.92,99.61693715
100,10,50,1.94,99.61398587
100,10,50,1.96,99.61104666
100,10,50,1.98,99.6081195
100,10,50,2,99.60520441
100,10.5,50,0.02,100
100,10.5,50,0.04,99.99335409
100,10.5,50,0.06,99.98681464
100,10.5,50,0.08,99.98038165
100,10.5,50,0.1,99.97405511
100,10.5,50,0.12,99.96783503
100,10.5,50,0.14,99.9617214
100,10.5,50,0.16,99.95571423
100,10.5,50,0.18,99.94981352
100,10.5,50,0.2,99.94401926
100,10.5,50,0.22,99.93833146
100,10.5,50,0.24,99.93275011
100,10.5,50,0.26,99.92727522
100,10.5,50,0.28,99.92190679
100,10.5,50,0.3,99.91664481
100,10.5,50,0.32,99.91148929
100,10.5,50,0.34,99.90644022
100,10.5,50,0.36,99.90149761
100,10.5,50,0.38,99.89666146
100,10.5,50,0.4,99.89193176
100,10.5,50,0.42,99.88730852
100,10.5,50,0.44,99.88279173
100,10.5,50,0.46,99.8783814
100,10.5,50,0.48,99.87407753
100,10.5,50,0.5,99.86988011
100,10.5,50,0.52,99.86578915
100,10.5,50,0.54,99.8615101
100,10.5,50,0.56,99.85725848
100,10.5,50,0.58,99.85303428
100,10.5,50,0.6,99.8488375
100,10.5,50,0.62,99.84466814
100,10.5,50,0.64,99.84052621
100,10.5,50,0.66,99.8364117
100,10.5,50,0.68,99.83232461
100,10.5,50,0.7,99.82826494
100,10.5,50,0.72,99.8242327
100,10.5,50,0.74,99.82022788
100,10.5,50,0.76,99.81625048
100,10.5,50,0.78,99.81230051
100,10.5,50,0.8,99.80837796
100,10.5,50,0.82,99.80448283
100,10.5,50,0.84,99.80061512
100,10.5,50,0.86,99.79677483
100,10.5,50,0.88,99.79296197
100,10.5,50,0.9,99.78917653
100,10.5,50,0.92,99.78541852
100,10.5,50,0.94,99.78168792
100,10.5,50,0.96,99.77798475
100,10.5,50,0.98,99.774309
100,10.5,50,1,99.77066068
100,10.5,50,1.02,99.76703977
100,10.5,50,1.04,99.76342558
100,10.5,50,1.06,99.75982806
100,10.5,50,1.08,99.75624724
100,10.5,50,1.1,99.75268309
100,10.5,50,1.12,99.74913564
100,10.5,50,1.14,99.74560486
100,10.5,50,1.16,99.74209078
100,10.5,50,1.18,99.73859337
100,10.5,50,1.2,99.73511266
100,10.5,50,1.22,99.73164862
100,10.5,50,1.24,99.72820128
100,10.5,50,1.26,99.72477061
100,10.5,50,1.28,99.72135664
100,10.5,50,1.3,99.71795934
100,10.5,50,1.32,99.71457874
100,10.5,50,1.34,99.71121482
100,10.5,50,1.36,99.70786758
100,10.5,50,1.38,99.70453703
100,10.5,50,1.4,99.70122316
100,10.5,50,1.42,99.69792598
100,10.5,50,1.44,99.69464548
100,10.5,50,1.46,99.69138167
100,10.5,50,1.48,99.68813454
100,10.5,50,1.5,99.6849041
100,10.5,50,1.52,99.68169034
100,10.5,50,1.54,99.67848561
100,10.5,50,1.56,99.67529294
100,10.5,50,1.58,99.67211234
100,10.5,50,1.6,99.66894379
100,10.5,50,1.62,99.66578732
100,10.5,50,1.64,99.6626429
100,10.5,50,1.66,99.65951055
100,10.5,50,1.68,99.65639026
100,10.5,50,1.7,99.65328203
100,10.5,50,1.72,99.65018587
100,10.5,50,1.74,99.64710177
100,10.5,50,1.76,99.64402974
100,10.5,50,1.78,99.63792185
100,10.5,50,1.8,99.63488601
100,10.5,50,1.82,99.63186223
100,10.5,50,1.84,99.62885051
100,10.5,50,1.86,99.62585085
100,10.5,50,1.88,99.62286326
100,10.5,50,1.9,99.61988773
100,10.5,50,1.92,99.61692426
100,10.5,50,1.94,99.61397286
100,10.5,50,1.96,99.61103352
100,10.5,50,1.98,99.60810625
100,10.5,50,2,99.60519103
100,11,50,0.02,100
100,11,50,0.04,99.99335406
100,11,50,0.06,99.98681457
100,11,50,0.08,99.98038153
100,11,50,0.1,99.97405496
100,11,50,0.12,99.96783484
100,11,50,0.14,99.96172117
100,11,50,0.16,99.95571396
100,11,50,0.18,99.94981321
100,11,50,0.2,99.94401891
100,11,50,0.22,99.93833107
100,11,50,0.24,99.93274969
100,11,50,0.26,99.92727476
100,11,50,0.28,99.92190629
100,11,50,0.3,99.91664427
100,11,50,0.32,99.91148871
100,11,50,0.34,99.90643961
100,11,50,0.36,99.90149696
100,11,50,0.38,99.89666077
100,11,50,0.4,99.89193103
100,11,50,0.42,99.88730775
100,11,50,0.44,99.88279093
100,11,50,0.46,99.87838056
100,11,50,0.48,99.87407665
100,11,50,0.5,99.86987919
100,11,50,0.52,99.86578819
100,11,50,0.54,99.86150911
100,11,50,0.56,99.85725745
100,11,50,0.58,99.85303321
100,11,50,0.6,99.84883639
100,11,50,0.62,99.844667
100,11,50,0.64,99.84052503
100,11,50,0.66,99.83641048
100,11,50,0.68,99.83232335
100,11,50,0.7,99.82826365
100,11,50,0.72,99.82423137
100,11,50,0.74,99.82022651
100,11,50,0.76,99.81624908
100,11,50,0.78,99.81229906
100,11,50,0.8,99.80837648
100,11,50,0.82,99.80448131
100,11,50,0.84,99.80061356
100,11,50,0.86,99.79677324
100,11,50,0.88,99.79296034
100,11,50,0.9,99.78917487
100,11,50,0.92,99.78541681
100,11,50,0.94,99.78168618
100,11,50,0.96,99.77798297
100,11,50,0.98,99.77430719
100,11,50,1,99.77065882
100,11,50,1.02,99.76703788
100,11,50,1.04,99.76342365
100,11,50,1.06,99.7598261
100,11,50,1.08,99.75624523
100,11,50,1.1,99.75268105
100,11,50,1.12,99.74913356
100,11,50,1.14,99.74560275
100,11,50,1.16,99.74208863
100,11,50,1.18,99.73859119
100,11,50,1.2,99.73511043
100,11,50,1.22,99.73164637
100,11,50,1.24,99.72819898
100,11,50,1.26,99.72476828
100,11,50,1.28,99.72135427
100,11,50,1.3,99.71795694
100,11,50,1.32,99.7145763
100,11,50,1.34,99.71121234
100,11,50,1.36,99.70786507
100,11,50,1.38,99.70453448
100,11,50,1.4,99.70122058
100,11,50,1.42,99.69792336
100,11,50,1.44,99.69464283
100,11,50,1.46,99.69137898
100,11,50,1.48,99.68813182
100,11,50,1.5,99.68490134
100,11,50,1.52,99.68168755
100,11,50,1.54,99.67848278
100,11,50,1.56,99.67529008
100,11,50,1.58,99.67210944
100,11,50,1.6,99.66894086
100,11,50,1.62,99.66578434
100,11,50,1.64,99.66263989
100,11,50,1.66,99.65950751
100,11,50,1.68,99.65638718
100,11,50,1.7,99.65327892
100,11,50,1.72,99.65018273
100,11,50,1.74,99.64709859
100,11,50,1.76,99.64402652
100,11,50,1.78,99.63791857
100,11,50,1.8,99.63488269
100,11,50,1.82,99.63185888
100,11,50,1.84,99.62884712
100,11,50,1.86,99.62584743
100,11,50,1.88,99.62285981
100,11,50,1.9,99.61988424
100,11,50,1.92,99.61692074
100,11,50,1.94,99.61396931
100,11,50,1.96,99.61102994
100,11,50,1.98,99.60810263
100,11,50,2,99.60518738
100,11.5,50,0.02,100
100,11.5,50,0.04,99.99335402
100,11.5,50,0.06,99.98681449
100,11.5,50,0.08,99.98038142
100,11.5,50,0.1,99.9740548
100,11.5,50,0.12,99.96783465
100,11.5,50,0.14,99.96172094
100,11.5,50,0.16,99.9557137
100,11.5,50,0.18,99.94981291
100,11.5,50,0.2,99.94401857
100,11.5,50,0.22,99.93833069
100,11.5,50,0.24,99.93274927
100,11.5,50,0.26,99.9272743
100,11.5,50,0.28,99.92190579
100,11.5,50,0.3,99.91664374
100,11.5,50,0.32,99.91148814
100,11.5,50,0.34,99.906439
100,11.5,50,0.36,99.90149631
100,11.5,50,0.38,99.89666008
100,11.5,50,0.4,99.89193031
100,11.5,50,0.42,99.88730699
100,11.5,50,0.44,99.88279013
100,11.5,50,0.46,99.87837972
100,11.5,50,0.48,99.87407577
100,11.5,50,0.5,99.86987828
100,11.5,50,0.52,99.86578724
100,11.5,50,0.54,99.86150812
100,11.5,50,0.56,99.85725642
100,11.5,50,0.58,99.85303214
100,11.5,50,0.6,99.84883529
100,11.5,50,0.62,99.84466586
100,11.5,50,0.64,99.84052385
100,11.5,50,0.66,99.83640926
100,11.5,50,0.68,99.8323221
100,11.5,50,0.7,99.82826236
100,11.5,50,0.72,99.82423004
100,11.5,50,0.74,99.82022514
100,11.5,50,0.76,99.81624767
100,11.5,50,0.78,99.81229762
100,11.5,50,0.8,99.80837499
100,11.5,50,0.82,99.80447979
100,11.5,50,0.84,99.80061201
100,11.5,50,0.86,99.79677165
100,11.5,50,0.88,99.79295871
100,11.5,50,0.9,99.7891732
100,11.5,50,0.92,99.78541511
100,11.5,50,0.94,99.78168444
100,11.5,50,0.96,99.77798119
100,11.5,50,0.98,99.77430537
100,11.5,50,1,99.77065697
100,11.5,50,1.02,99.76703599
100,11.5,50,1.04,99.76342172
100,11.5,50,1.06,99.75982413
100,11.5,50,1.08,99.75624323
100,11.5,50,1.1,99.75267902
100,11.5,50,1.12,99.74913149
100,11.5,50,1.14,99.74560064
100,11.5,50,1.16,99.74208648
100,11.5,50,1.18,99.738589
100,11.5,50,1.2,99.73510821
100,11.5,50,1.22,99.73164411
100,11.5,50,1.24,99.72819669
100,11.5,50,1.26,99.72476595
100,11.5,50,1.28,99.7213519
100,11.5,50,1.3,99.71795454
100,11.5,50,1.32,99.71457386
100,11.5,50,1.34,99.71120987
100,11.5,50,1.36,99.70786256
100,11.5,50,1.38,99.70453193
100,11.5,50,1.4,99.701218
100,11.5,50,1.42,99.69792074
100,11.5,50,1.44,99.69464017
100,11.5,50,1.46,99.69137629
100,11.5,50,1.48,99.68812909
100,11.5,50,1.5,99.68489858
100,11.5,50,1.52,99.68168475
100,11.5,50,1.54,99.67847995
100,11.5,50,1.56,99.67528721
100,11.5,50,1.58,99.67210654
100,11.5,50,1.6,99.66893792
100,11.5,50,1.62,99.66578137
100,11.5,50,1.64,99.66263689
100,11.5,50,1.66,99.65950447
100,11.5,50,1.68,99.65638411
100,11.5,50,1.7,99.65327581
100,11.5,50,1.72,99.65017958
100,11.5,50,1.74,99.64709541
100,11.5,50,1.76,99.64402331
100,11.5,50,1.78,99.63791529
100,11.5,50,1.8,99.63487938
100,11.5,50,1.82,99.63185553
100,11.5,50,1.84,99.62884374
100,11.5,50,1.86,99.62584402
100,11.5,50,1.88,99.62285636
100,11.5,50,1.9,99.61988076
100,11.5,50,1.92,99.61691723
100,11.5,50,1.94,99.61396576
100,11.5,50,1.96,99.61102635
100,11.5,50,1.98,99.60809901
100,11.5,50,2,99.60518373
100,12,50,0.02,100
100,12,50,0.04,99.99335399
100,12,50,0.06,99.98681443
100,12,50,0.08,99.98038133
100,12,50,0.1,99.97405468
100,12,50,0.12,99.96783449
100,12,50,0.14,99.96172076
100,12,50,0.16,99.95571348
100,12,50,0.18,99.94981266
100,12,50,0.2,99.9440183
100,12,50,0.22,99.93833039
100,12,50,0.24,99.93274894
100,12,50,0.26,99.92727394
100,12,50,0.28,99.9219054
100,12,50,0.3,99.91664332
100,12,50,0.32,99.91148769
100,12,50,0.34,99.90643851
100,12,50,0.36,99.9014958
100,12,50,0.38,99.89665954
100,12,50,0.4,99.89192973
100,12,50,0.42,99.88730639
100,12,50,0.44,99.88278949
100,12,50,0.46,99.87837906
100,12,50,0.48,99.87407508
100,12,50,0.5,99.86987755
100,12,50,0.52,99.86578649
100,12,50,0.54,99.86150733
100,12,50,0.56,99.85725561
100,12,50,0.58,99.8530313
100,12,50,0.6,99.84883441
100,12,50,0.62,99.84466495
100,12,50,0.64,99.84052291
100,12,50,0.66,99.8364083
100,12,50,0.68,99.83232111
100,12,50,0.7,99.82826133
100,12,50,0.72,99.82422899
100,12,50,0.74,99.82022406
100,12,50,0.76,99.81624656
100,12,50,0.78,99.81229648
100,12,50,0.8,99.80837382
100,12,50,0.82,99.80447859
100,12,50,0.84,99.80061078
100,12,50,0.86,99.79677039
100,12,50,0.88,99.79295742
100,12,50,0.9,99.78917188
100,12,50,0.92,99.78541376
100,12,50,0.94,99.78168306
100,12,50,0.96,99.77797979
100,12,50,0.98,99.77430393
100,12,50,1,99.77065551
100,12,50,1.02,99.7670345
100,12,50,1.04,99.7634202
100,12,50,1.06,99.75982258
100,12,50,1.08,99.75624165
100,12,50,1.1,99.75267741
100,12,50,1.12,99.74912985
100,12,50,1.14,99.74559897
100,12,50,1.16,99.74208478
100,12,50,1.18,99.73858728
100,12,50,1.2,99.73510646
100,12,50,1.22,99.73164232
100,12,50,1.24,99.72819488
100,12,50,1.26,99.72476411
100,12,50,1.28,99.72135003
100,12,50,1.3,99.71795264
100,12,50,1.32,99.71457193
100,12,50,1.34,99.71120791
100,12,50,1.36,99.70786057
100,12,50,1.38,99.70452992
100,12,50,1.4,99.70121596
100,12,50,1.42,99.69791867
100,12,50,1.44,99.69463808
100,12,50,1.46,99.69137417
100,12,50,1.48,99.68812694
100,12,50,1.5,99.6848964
100,12,50,1.52,99.68168255
100,12,50,1.54,99.67847771
100,12,50,1.56,99.67528495
100,12,50,1.58,99.67210424
100,12,50,1.6,99.6689356
100,12,50,1.62,99.66577903
100,12,50,1.64,99.66263451
100,12,50,1.66,99.65950206
100,12,50,1.68,99.65638168
100,12,50,1.7,99.65327335
100,12,50,1.72,99.6501771
100,12,50,1.74,99.6470929
100,12,50,1.76,99.64402077
100,12,50,1.78,99.6379127
100,12,50,1.8,99.63487676
100,12,50,1.82,99.63185288
100,12,50,1.84,99.62884106
100,12,50,1.86,99.62584131
100,12,50,1.88,99.62285363
100,12,50,1.9,99.619878
100,12,50,1.92,99.61691445
100,12,50,1.94,99.61396295
100,12,50,1.96,99.61102352
100,12,50,1.98,99.60809615
100,12,50,2,99.60518084
100,12.5,50,0.02,100
100,12.5,50,0.04,99.99335399
100,12.5,50,0.06,99.98681444
100,12.5,50,0.08,99.98038134
100,12.5,50,0.1,99.9740547
100,12.5,50,0.12,99.96783452
100,12.5,50,0.14,99.96172079
100,12.5,50,0.16,99.95571352
100,12.5,50,0.18,99.9498127
100,12.5,50,0.2,99.94401834
100,12.5,50,0.22,99.93833044
100,12.5,50,0.24,99.93274899
100,12.5,50,0.26,99.927274
100,12.5,50,0.28,99.92190546
100,12.5,50,0.3,99.91664338
100,12.5,50,0.32,99.91148776
100,12.5,50,0.34,99.90643859
100,12.5,50,0.36,99.90149588
100,12.5,50,0.38,99.89665963
100,12.5,50,0.4,99.89192983
100,12.5,50,0.42,99.88730648
100,12.5,50,0.44,99.8827896
100,12.5,50,0.46,99.87837916
100,12.5,50,0.48,99.87407519
100,12.5,50,0.5,99.86987767
100,12.5,50,0.52,99.86578661
100,12.5,50,0.54,99.86150746
100,12.5,50,0.56,99.85725574
100,12.5,50,0.58,99.85303143
100,12.5,50,0.6,99.84883455
100,12.5,50,0.62,99.8446651
100,12.5,50,0.64,99.84052306
100,12.5,50,0.66,99.83640845
100,12.5,50,0.68,99.83232126
100,12.5,50,0.7,99.8282615
100,12.5,50,0.72,99.82422915
100,12.5,50,0.74,99.82022423
100,12.5,50,0.76,99.81624674
100,12.5,50,0.78,99.81229666
100,12.5,50,0.8,99.80837401
100,12.5,50,0.82,99.80447878
100,12.5,50,0.84,99.80061097
100,12.5,50,0.86,99.79677059
100,12.5,50,0.88,99.79295763
100,12.5,50,0.9,99.78917209
100,12.5,50,0.92,99.78541397
100,12.5,50,0.94,99.78168328
100,12.5,50,0.96,99.77798001
100,12.5,50,0.98,99.77430416
100,12.5,50,1,99.77065574
100,12.5,50,1.02,99.76703474
100,12.5,50,1.04,99.76342044
100,12.5,50,1.06,99.75982283
100,12.5,50,1.08,99.7562419
100,12.5,50,1.1,99.75267766
100,12.5,50,1.12,99.74913011
100,12.5,50,1.14,99.74559924
100,12.5,50,1.16,99.74208505
100,12.5,50,1.18,99.73858755
100,12.5,50,1.2,99.73510674
100,12.5,50,1.22,99.73164261
100,12.5,50,1.24,99.72819517
100,12.5,50,1.26,99.72476441
100,12.5,50,1.28,99.72135033
100,12.5,50,1.3,99.71795294
100,12.5,50,1.32,99.71457224
100,12.5,50,1.34,99.71120822
100,12.5,50,1.36,99.70786089
100,12.5,50,1.38,99.70453024
100,12.5,50,1.4,99.70121628
100,12.5,50,1.42,99.697919
100,12.5,50,1.44,99.69463841
100,12.5,50,1.46,99.69137451
100,12.5,50,1.48,99.68812729
100,12.5,50,1.5,99.68489675
100,12.5,50,1.52,99.6816829
100,12.5,50,1.54,99.67847807
100,12.5,50,1.56,99.67528531
100,12.5,50,1.58,99.67210461
100,12.5,50,1.6,99.66893597
100,12.5,50,1.62,99.6657794
100,12.5,50,1.64,99.66263489
100,12.5,50,1.66,99.65950245
100,12.5,50,1.68,99.65638206
100,12.5,50,1.7,99.65327375
100,12.5,50,1.72,99.65017749
100,12.5,50,1.74,99.6470933
100,12.5,50,1.76,99.64402117
100,12.5,50,1.78,99.63791311
100,12.5,50,1.8,99.63487717
100,12.5,50,1.82,99.6318533
100,12.5,50,1.84,99.62884149
100,12.5,50,1.86,99.62584175
100,12.5,50,1.88,99.62285406
100,12.5,50,1.9,99.61987844
100,12.5,50,1.92,99.61691489
100,12.5,50,1.94,99.6139634
100,12.5,50,1.96,99.61102397
100,12.5,50,1.98,99.60809661
100,12.5,50,2,99.6051813
100,13,50,0.02,100
100,13,50,0.04,99.993354
100,13,50,0.06,99.98681445
100,13,50,0.08,99.98038136
100,13,50,0.1,99.97405472
100,13,50,0.12,99.96783454
100,13,50,0.14,99.96172082
100,13,50,0.16,99.95571355
100,13,50,0.18,99.94981274
100,13,50,0.2,99.94401839
100,13,50,0.22,99.93833049
100,13,50,0.24,99.93274904
100,13,50,0.26,99.92727406
100,13,50,0.28,99.92190553
100,13,50,0.3,99.91664345
100,13,50,0.32,99.91148783
100,13,50,0.34,99.90643867
100,13,50,0.36,99.90149596
100,13,50,0.38,99.89665971
100,13,50,0.4,99.89192992
100,13,50,0.42,99.88730658
100,13,50,0.44,99.8827897
100,13,50,0.46,99.87837927
100,13,50,0.48,99.8740753
100,13,50,0.5,99.86987779
100,13,50,0.52,99.86578673
100,13,50,0.54,99.86150758
100,13,50,0.56,99.85725586
100,13,50,0.58,99.85303157
100,13,50,0.6,99.84883469
100,13,50,0.62,99.84466524
100,13,50,0.64,99.84052321
100,13,50,0.66,99.83640861
100,13,50,0.68,99.83232142
100,13,50,0.7,99.82826166
100,13,50,0.72,99.82422932
100,13,50,0.74,99.82022441
100,13,50,0.76,99.81624691
100,13,50,0.78,99.81229684
100,13,50,0.8,99.8083742
100,13,50,0.82,99.80447897
100,13,50,0.84,99.80061117
100,13,50,0.86,99.79677079
100,13,50,0.88,99.79295783
100,13,50,0.9,99.7891723
100,13,50,0.92,99.78541419
100,13,50,0.94,99.7816835
100,13,50,0.96,99.77798024
100,13,50,0.98,99.77430439
100,13,50,1,99.77065597
100,13,50,1.02,99.76703498
100,13,50,1.04,99.76342068
100,13,50,1.06,99.75982308
100,13,50,1.08,99.75624216
100,13,50,1.1,99.75267792
100,13,50,1.12,99.74913037
100,13,50,1.14,99.7455995
100,13,50,1.16,99.74208532
100,13,50,1.18,99.73858783
100,13,50,1.2,99.73510702
100,13,50,1.22,99.73164289
100,13,50,1.24,99.72819545
100,13,50,1.26,99.7247647
100,13,50,1.28,99.72135063
100,13,50,1.3,99.71795325
100,13,50,1.32,99.71457255
100,13,50,1.34,99.71120854
100,13,50,1.36,99.70786121
100,13,50,1.38,99.70453057
100,13,50,1.4,99.70121661
100,13,50,1.42,99.69791933
100,13,50,1.44,99.69463875
100,13,50,1.46,99.69137485
100,13,50,1.48,99.68812763
100,13,50,1.5,99.6848971
100,13,50,1.52,99.68168325
100,13,50,1.54,99.67847843
100,13,50,1.56,99.67528567
100,13,50,1.58,99.67210497
100,13,50,1.6,99.66893634
100,13,50,1.62,99.66577978
100,13,50,1.64,99.66263527
100,13,50,1.66,99.65950283
100,13,50,1.68,99.65638245
100,13,50,1.7,99.65327414
100,13,50,1.72,99.65017789
100,13,50,1.74,99.6470937
100,13,50,1.76,99.64402158
100,13,50,1.78,99.63791352
100,13,50,1.8,99.63487759
100,13,50,1.82,99.63185372
100,13,50,1.84,99.62884192
100,13,50,1.86,99.62584218
100,13,50,1.88,99.6228545
100,13,50,1.9,99.61987888
100,13,50,1.92,99.61691533
100,13,50,1.94,99.61396385
100,13,50,1.96,99.61102442
100,13,50,1.98,99.60809706
100,13,50,2,99.60518177
100,13.5,50,0.02,100
100,13.5,50,0.04,99.993354
100,13.5,50,0.06,99.98681446
100,13.5,50,0.08,99.98038137
100,13.5,50,0.1,99.97405474
100,13.5,50,0.12,99.96783457
100,13.5,50,0.14,99.96172085
100,13.5,50,0.16,99.95571359
100,13.5,50,0.18,99.94981278
100,13.5,50,0.2,99.94401843
100,13.5,50,0.22,99.93833054
100,13.5,50,0.24,99.9327491
100,13.5,50,0.26,99.92727412
100,13.5,50,0.28,99.92190559
100,13.5,50,0.3,99.91664352
100,13.5,50,0.32,99.91148791
100,13.5,50,0.34,99.90643875
100,13.5,50,0.36,99.90149605
100,13.5,50,0.38,99.8966598
100,13.5,50,0.4,99.89193001
100,13.5,50,0.42,99.88730668
100,13.5,50,0.44,99.8827898
100,13.5,50,0.46,99.87837938
100,13.5,50,0.48,99.87407541
100,13.5,50,0.5,99.8698779
100,13.5,50,0.52,99.86578685
100,13.5,50,0.54,99.86150771
100,13.5,50,0.56,99.857256
100,13.5,50,0.58,99.8530317
100,13.5,50,0.6,99.84883483
100,13.5,50,0.62,99.84466539
100,13.5,50,0.64,99.84052336
100,13.5,50,0.66,99.83640876
100,13.5,50,0.68,99.83232158
100,13.5,50,0.7,99.82826183
100,13.5,50,0.72,99.82422949
100,13.5,50,0.74,99.82022458
100,13.5,50,0.76,99.8162471
100,13.5,50,0.78,99.81229703
100,13.5,50,0.8,99.80837439
100,13.5,50,0.82,99.80447917
100,13.5,50,0.84,99.80061137
100,13.5,50,0.86,99.796771
100,13.5,50,0.88,99.79295804
100,13.5,50,0.9,99.78917252
100,13.5,50,0.92,99.78541441
100,13.5,50,0.94,99.78168373
100,13.5,50,0.96,99.77798046
100,13.5,50,0.98,99.77430463
100,13.5,50,1,99.77065621
100,13.5,50,1.02,99.76703522
100,13.5,50,1.04,99.76342093
100,13.5,50,1.06,99.75982333
100,13.5,50,1.08,99.75624241
100,13.5,50,1.1,99.75267818
100,13.5,50,1.12,99.74913064
100,13.5,50,1.14,99.74559978
100,13.5,50,1.16,99.7420856
100,13.5,50,1.18,99.73858811
100,13.5,50,1.2,99.7351073
100,13.5,50,1.22,99.73164318
100,13.5,50,1.24,99.72819575
100,13.5,50,1.26,99.724765
100,13.5,50,1.28,99.72135094
100,13.5,50,1.3,99.71795356
100,13.5,50,1.32,99.71457286
100,13.5,50,1.34,99.71120885
100,13.5,50,1.36,99.70786153
100,13.5,50,1.38,99.70453089
100,13.5,50,1.4,99.70121694
100,13.5,50,1.42,99.69791967
100,13.5,50,1.44,99.69463909
100,13.5,50,1.46,99.69137519
100,13.5,50,1.48,99.68812798
100,13.5,50,1.5,99.68489745
100,13.5,50,1.52,99.68168361
100,13.5,50,1.54,99.67847879
100,13.5,50,1.56,99.67528604
100,13.5,50,1.58,99.67210535
100,13.5,50,1.6,99.66893672
100,13.5,50,1.62,99.66578016
100,13.5,50,1.64,99.66263566
100,13.5,50,1.66,99.65950322
100,13.5,50,1.68,99.65638285
100,13.5,50,1.7,99.65327454
100,13.5,50,1.72,99.65017829
100,13.5,50,1.74,99.64709411
100,13.5,50,1.76,99.64402199
100,13.5,50,1.78,99.63791395
100,13.5,50,1.8,99.63487802
100,13.5,50,1.82,99.63185415
100,13.5,50,1.84,99.62884235
100,13.5,50,1.86,99.62584262
100,13.5,50,1.88,99.62285494
100,13.5,50,1.9,99.61987933
100,13.5,50,1.92,99.61691579
100,13.5,50,1.94,99.6139643
100,13.5,50,1.96,99.61102488
100,13.5,50,1.98,99.60809753
100,13.5,50,2,99.60518223
100,14,50,0.02,100
100,14,50,0.04,99.99335401
100,14,50,0.06,99.98681447
100,14,50,0.08,99.98038139
100,14,50,0.1,99.97405476
100,14,50,0.12,99.96783459
100,14,50,0.14,99.96172088
100,14,50,0.16,99.95571362
100,14,50,0.18,99.94981282
100,14,50,0.2,99.94401848
100,14,50,0.22,99.93833059
100,14,50,0.24,99.93274916
100,14,50,0.26,99.92727418
100,14,50,0.28,99.92190566
100,14,50,0.3,99.91664359
100,14,50,0.32,99.91148798
100,14,50,0.34,99.90643883
100,14,50,0.36,99.90149614
100,14,50,0.38,99.8966599
100,14,50,0.4,99.89193011
100,14,50,0.42,99.88730678
100,14,50,0.44,99.88278991
100,14,50,0.46,99.87837949
100,14,50,0.48,99.87407553
100,14,50,0.5,99.86987803
100,14,50,0.52,99.86578698
100,14,50,0.54,99.86150785
100,14,50,0.56,99.85725614
100,14,50,0.58,99.85303185
100,14,50,0.6,99.84883499
100,14,50,0.62,99.84466555
100,14,50,0.64,99.84052353
100,14,50,0.66,99.83640893
100,14,50,0.68,99.83232176
100,14,50,0.7,99.82826201
100,14,50,0.72,99.82422968
100,14,50,0.74,99.82022477
100,14,50,0.76,99.81624729
100,14,50,0.78,99.81229723
100,14,50,0.8,99.80837459
100,14,50,0.82,99.80447938
100,14,50,0.84,99.80061159
100,14,50,0.86,99.79677122
100,14,50,0.88,99.79295827
100,14,50,0.9,99.78917275
100,14,50,0.92,99.78541464
100,14,50,0.94,99.78168397
100,14,50,0.96,99.77798071
100,14,50,0.98,99.77430488
100,14,50,1,99.77065647
100,14,50,1.02,99.76703548
100,14,50,1.04,99.7634212
100,14,50,1.06,99.7598236
100,14,50,1.08,99.75624269
100,14,50,1.1,99.75267846
100,14,50,1.12,99.74913092
100,14,50,1.14,99.74560007
100,14,50,1.16,99.7420859
100,14,50,1.18,99.73858841
100,14,50,1.2,99.73510761
100,14,50,1.22,99.7316435
100,14,50,1.24,99.72819607
100,14,50,1.26,99.72476532
100,14,50,1.28,99.72135126
100,14,50,1.3,99.71795389
100,14,50,1.32,99.7145732
100,14,50,1.34,99.7112092
100,14,50,1.36,99.70786188
100,14,50,1.38,99.70453124
100,14,50,1.4,99.70121729
100,14,50,1.42,99.69792003
100,14,50,1.44,99.69463945
100,14,50,1.46,99.69137556
100,14,50,1.48,99.68812835
100,14,50,1.5,99.68489783
100,14,50,1.52,99.681684
100,14,50,1.54,99.67847918
100,14,50,1.56,99.67528643
100,14,50,1.58,99.67210575
100,14,50,1.6,99.66893713
100,14,50,1.62,99.66578057
100,14,50,1.64,99.66263607
100,14,50,1.66,99.65950364
100,14,50,1.68,99.65638327
100,14,50,1.7,99.65327497
100,14,50,1.72,99.65017873
100,14,50,1.74,99.64709455
100,14,50,1.76,99.64402244
100,14,50,1.78,99.6379144
100,14,50,1.8,99.63487848
100,14,50,1.82,99.63185462
100,14,50,1.84,99.62884282
100,14,50,1.86,99.62584309
100,14,50,1.88,99.62285542
100,14,50,1.9,99.61987981
100,14,50,1.92,99.61691627
100,14,50,1.94,99.61396479
100,14,50,1.96,99.61102538
100,14,50,1.98,99.60809803
100,14,50,2,99.60518274
100,14.5,50,0.02,100
100,14.5,50,0.04,99.99335401
100,14.5,50,0.06,99.98681448
100,14.5,50,0.08,99.9803814
100,14.5,50,0.1,99.97405478
100,14.5,50,0.12,99.96783462
100,14.5,50,0.14,99.96172091
100,14.5,50,0.16,99.95571366
100,14.5,50,0.18,99.94981286
100,14.5,50,0.2,99.94401852
100,14.5,50,0.22,99.93833064
100,14.5,50,0.24,99.93274921
100,14.5,50,0.26,99.92727424
100,14.5,50,0.28,99.92190573
100,14.5,50,0.3,99.91664367
100,14.5,50,0.32,99.91148806
100,14.5,50,0.34,99.90643892
100,14.5,50,0.36,99.90149623
100,14.5,50,0.38,99.89665999
100,14.5,50,0.4,99.89193021
100,14.5,50,0.42,99.88730689
100,14.5,50,0.44,99.88279002
100,14.5,50,0.46,99.87837961
100,14.5,50,0.48,99.87407565
100,14.5,50,0.5,99.86987816
100,14.5,50,0.52,99.86578711
100,14.5,50,0.54,99.86150799
100,14.5,50,0.56,99.85725628
100,14.5,50,0.58,99.853032
100,14.5,50,0.6,99.84883514
100,14.5,50,0.62,99.8446657
100,14.5,50,0.64,99.84052369
100,14.5,50,0.66,99.8364091
100,14.5,50,0.68,99.83232193
100,14.5,50,0.7,99.82826218
100,14.5,50,0.72,99.82422986
100,14.5,50,0.74,99.82022496
100,14.5,50,0.76,99.81624748
100,14.5,50,0.78,99.81229743
100,14.5,50,0.8,99.8083748
100,14.5,50,0.82,99.80447959
100,14.5,50,0.84,99.8006118
100,14.5,50,0.86,99.79677144
100,14.5,50,0.88,99.79295849
100,14.5,50,0.9,99.78917298
100,14.5,50,0.92,99.78541488
100,14.5,50,0.94,99.78168421
100,14.5,50,0.96,99.77798096
100,14.5,50,0.98,99.77430513
100,14.5,50,1,99.77065672
100,14.5,50,1.02,99.76703574
100,14.5,50,1.04,99.76342146
100,14.5,50,1.06,99.75982387
100,14.5,50,1.08,99.75624297
100,14.5,50,1.1,99.75267874
100,14.5,50,1.12,99.74913121
100,14.5,50,1.14,99.74560036
100,14.5,50,1.16,99.74208619
100,14.5,50,1.18,99.73858871
100,14.5,50,1.2,99.73510792
100,14.5,50,1.22,99.73164381
100,14.5,50,1.24,99.72819638
100,14.5,50,1.26,99.72476564
100,14.5,50,1.28,99.72135159
100,14.5,50,1.3,99.71795422
100,14.5,50,1.32,99.71457354
100,14.5,50,1.34,99.71120954
100,14.5,50,1.36,99.70786222
100,14.5,50,1.38,99.70453159
100,14.5,50,1.4,99.70121765
100,14.5,50,1.42,99.69792039
100,14.5,50,1.44,99.69463982
100,14.5,50,1.46,99.69137593
100,14.5,50,1.48,99.68812873
100,14.5,50,1.5,99.68489821
100,14.5,50,1.52,99.68168438
100,14.5,50,1.54,99.67847957
100,14.5,50,1.56,99.67528683
100,14.5,50,1.58,99.67210615
100,14.5,50,1.6,99.66893753
100,14.5,50,1.62,99.66578098
100,14.5,50,1.64,99.66263649
100,14.5,50,1.66,99.65950406
100,14.5,50,1.68,99.6563837
100,14.5,50,1.7,99.6532754
100,14.5,50,1.72,99.65017916
100,14.5,50,1.74,99.64709499
100,14.5,50,1.76,99.64402288
100,14.5,50,1.78,99.63791485
100,14.5,50,1.8,99.63487893
100,14.5,50,1.82,99.63185508
100,14.5,50,1.84,99.62884329
100,14.5,50,1.86,99.62584356
100,14.5,50,1.88,99.62285589
100,14.5,50,1.9,99.61988029
100,14.5,50,1.92,99.61691676
100,14.5,50,1.94,99.61396528
100,14.5,50,1.96,99.61102587
100,14.5,50,1.98,99.60809853
100,14.5,50,2,99.60518324
100,15,50,0.02,100
100,15,50,0.04,99.99335402
100,15,50,0.06,99.98681449
100,15,50,0.08,99.98038142
100,15,50,0.1,99.9740548
100,15,50,0.12,99.96783464
100,15,50,0.14,99.96172094
100,15,50,0.16,99.95571369
100,15,50,0.18,99.9498129
100,15,50,0.2,99.94401857
100,15,50,0.22,99.93833069
100,15,50,0.24,99.93274926
100,15,50,0.26,99.9272743
100,15,50,0.28,99.92190578
100,15,50,0.3,99.91664373
100,15,50,0.32,99.91148813
100,15,50,0.34,99.90643899
100,15,50,0.36,99.9014963
100,15,50,0.38,99.89666007
100,15,50,0.4,99.8919303
100,15,50,0.42,99.88730698
100,15,50,0.44,99.88279011
100,15,50,0.46,99.87837971
100,15,50,0.48,99.87407576
100,15,50,0.5,99.86987826
100,15,50,0.52,99.86578723
100,15,50,0.54,99.8615081
100,15,50,0.56,99.8572564
100,15,50,0.58,99.85303212
100,15,50,0.6,99.84883527
100,15,50,0.62,99.84466584
100,15,50,0.64,99.84052383
100,15,50,0.66,99.83640924
100,15,50,0.68,99.83232208
100,15,50,0.7,99.82826234
100,15,50,0.72,99.82423002
100,15,50,0.74,99.82022512
100,15,50,0.76,99.81624765
100,15,50,0.78,99.8122976
100,15,50,0.8,99.80837497
100,15,50,0.82,99.80447977
100,15,50,0.84,99.80061198
100,15,50,0.86,99.79677162
100,15,50,0.88,99.79295869
100,15,50,0.9,99.78917317
100,15,50,0.92,99.78541508
100,15,50,0.94,99.78168441
100,15,50,0.96,99.77798117
100,15,50,0.98,99.77430534
100,15,50,1,99.77065694
100,15,50,1.02,99.76703596
100,15,50,1.04,99.76342169
100,15,50,1.06,99.7598241
100,15,50,1.08,99.7562432
100,15,50,1.1,99.75267898
100,15,50,1.12,99.74913145
100,15,50,1.14,99.74560061
100,15,50,1.16,99.74208645
100,15,50,1.18,99.73858897
100,15,50,1.2,99.73510818
100,15,50,1.22,99.73164407
100,15,50,1.24,99.72819665
100,15,50,1.26,99.72476592
100,15,50,1.28,99.72135187
100,15,50,1.3,99.7179545
100,15,50,1.32,99.71457382
100,15,50,1.34,99.71120983
100,15,50,1.36,99.70786252
100,15,50,1.38,99.70453189
100,15,50,1.4,99.70121795
100,15,50,1.42,99.6979207
100,15,50,1.44,99.69464013
100,15,50,1.46,99.69137625
100,15,50,1.48,99.68812905
100,15,50,1.5,99.68489854
100,15,50,1.52,99.68168471
100,15,50,1.54,99.67847991
100,15,50,1.56,99.67528717
100,15,50,1.58,99.67210649
100,15,50,1.6,99.66893788
100,15,50,1.62,99.66578133
100,15,50,1.64,99.66263684
100,15,50,1.66,99.65950442
100,15,50,1.68,99.65638406
100,15,50,1.7,99.65327576
100,15,50,1.72,99.65017953
100,15,50,1.74,99.64709536
100,15,50,1.76,99.64402326
100,15,50,1.78,99.63791524
100,15,50,1.8,99.63487932
100,15,50,1.82,99.63185547
100,15,50,1.84,99.62884368
100,15,50,1.86,99.62584396
100,15,50,1.88,99.6228563
100,15,50,1.9,99.6198807
100,15,50,1.92,99.61691717
100,15,50,1.94,99.6139657
100,15,50,1.96,99.61102629
100,15,50,1.98,99.60809895
100,15,50,2,99.60518367